resolve_request,hardness,node_index,node_name,node_counter,node_identifier,blockchain_length,is_pool,number_of_nodes,won
0,4,0,"('Node-0',)",0,0f1679f7884a45dcbcc2da3f5640a40f,2,False,1,True
0,4,1,"('Node-1',)",1,416da3ee0a5b4b778ceb70d03617ef5d,2,False,1,False
0,4,2,"('Node-2',)",2,2da82a79d8d54665963bc458730e7c6a,2,True,2,False
1,4,0,"('Node-0',)",0,0f1679f7884a45dcbcc2da3f5640a40f,2,False,1,True
1,4,1,"('Node-1',)",1,416da3ee0a5b4b778ceb70d03617ef5d,2,False,1,False
1,4,2,"('Node-2',)",2,2da82a79d8d54665963bc458730e7c6a,2,True,2,False
2,4,0,"('Node-0',)",0,0f1679f7884a45dcbcc2da3f5640a40f,2,False,1,True
2,4,1,"('Node-1',)",1,416da3ee0a5b4b778ceb70d03617ef5d,2,False,1,False
2,4,2,"('Node-2',)",2,2da82a79d8d54665963bc458730e7c6a,2,True,2,False
3,4,0,"('Node-0',)",0,0f1679f7884a45dcbcc2da3f5640a40f,2,False,1,True
3,4,1,"('Node-1',)",1,416da3ee0a5b4b778ceb70d03617ef5d,2,False,1,False
3,4,2,"('Node-2',)",2,2da82a79d8d54665963bc458730e7c6a,2,True,2,False
4,4,0,"('Node-0',)",0,0f1679f7884a45dcbcc2da3f5640a40f,2,False,1,True
4,4,1,"('Node-1',)",1,416da3ee0a5b4b778ceb70d03617ef5d,2,False,1,False
4,4,2,"('Node-2',)",2,2da82a79d8d54665963bc458730e7c6a,2,True,2,False
5,4,0,"('Node-0',)",0,0f1679f7884a45dcbcc2da3f5640a40f,2,False,1,True
5,4,1,"('Node-1',)",1,416da3ee0a5b4b778ceb70d03617ef5d,2,False,1,False
5,4,2,"('Node-2',)",2,2da82a79d8d54665963bc458730e7c6a,2,True,2,False
6,4,0,"('Node-0',)",0,0f1679f7884a45dcbcc2da3f5640a40f,2,False,1,True
6,4,1,"('Node-1',)",1,416da3ee0a5b4b778ceb70d03617ef5d,2,False,1,False
6,4,2,"('Node-2',)",2,2da82a79d8d54665963bc458730e7c6a,2,True,2,False
7,4,0,"('Node-0',)",0,0f1679f7884a45dcbcc2da3f5640a40f,2,False,1,True
7,4,1,"('Node-1',)",1,416da3ee0a5b4b778ceb70d03617ef5d,2,False,1,False
7,4,2,"('Node-2',)",2,2da82a79d8d54665963bc458730e7c6a,2,True,2,False
8,4,0,"('Node-0',)",0,0f1679f7884a45dcbcc2da3f5640a40f,2,False,1,True
8,4,1,"('Node-1',)",1,416da3ee0a5b4b778ceb70d03617ef5d,2,False,1,False
8,4,2,"('Node-2',)",2,2da82a79d8d54665963bc458730e7c6a,2,True,2,False
9,4,0,"('Node-0',)",0,0f1679f7884a45dcbcc2da3f5640a40f,2,False,1,True
9,4,1,"('Node-1',)",1,416da3ee0a5b4b778ceb70d03617ef5d,2,False,1,False
9,4,2,"('Node-2',)",2,2da82a79d8d54665963bc458730e7c6a,2,True,2,False
10,4,0,"('Node-0',)",0,0f1679f7884a45dcbcc2da3f5640a40f,2,False,1,True
10,4,1,"('Node-1',)",1,416da3ee0a5b4b778ceb70d03617ef5d,2,False,1,False
10,4,2,"('Node-2',)",2,2da82a79d8d54665963bc458730e7c6a,2,True,2,False
11,4,0,"('Node-0',)",0,0f1679f7884a45dcbcc2da3f5640a40f,2,False,1,True
11,4,1,"('Node-1',)",1,416da3ee0a5b4b778ceb70d03617ef5d,2,False,1,False
11,4,2,"('Node-2',)",2,2da82a79d8d54665963bc458730e7c6a,2,True,2,False
12,4,0,"('Node-0',)",0,0f1679f7884a45dcbcc2da3f5640a40f,2,False,1,True
12,4,1,"('Node-1',)",1,416da3ee0a5b4b778ceb70d03617ef5d,2,False,1,False
12,4,2,"('Node-2',)",2,2da82a79d8d54665963bc458730e7c6a,2,True,2,False
13,4,0,"('Node-0',)",0,0f1679f7884a45dcbcc2da3f5640a40f,2,False,1,True
13,4,1,"('Node-1',)",1,416da3ee0a5b4b778ceb70d03617ef5d,2,False,1,False
13,4,2,"('Node-2',)",2,2da82a79d8d54665963bc458730e7c6a,2,True,2,False
14,4,0,"('Node-0',)",0,0f1679f7884a45dcbcc2da3f5640a40f,2,False,1,True
14,4,1,"('Node-1',)",1,416da3ee0a5b4b778ceb70d03617ef5d,2,False,1,False
14,4,2,"('Node-2',)",2,2da82a79d8d54665963bc458730e7c6a,2,True,2,False
15,4,0,"('Node-0',)",0,0f1679f7884a45dcbcc2da3f5640a40f,2,False,1,True
15,4,1,"('Node-1',)",1,416da3ee0a5b4b778ceb70d03617ef5d,2,False,1,False
15,4,2,"('Node-2',)",2,2da82a79d8d54665963bc458730e7c6a,2,True,2,False
16,4,0,"('Node-0',)",0,0f1679f7884a45dcbcc2da3f5640a40f,2,False,1,True
16,4,1,"('Node-1',)",1,416da3ee0a5b4b778ceb70d03617ef5d,2,False,1,False
16,4,2,"('Node-2',)",2,2da82a79d8d54665963bc458730e7c6a,2,True,2,False
17,4,0,"('Node-0',)",0,0f1679f7884a45dcbcc2da3f5640a40f,2,False,1,True
17,4,1,"('Node-1',)",1,416da3ee0a5b4b778ceb70d03617ef5d,2,False,1,False
17,4,2,"('Node-2',)",2,2da82a79d8d54665963bc458730e7c6a,2,True,2,False
18,4,0,"('Node-0',)",0,0f1679f7884a45dcbcc2da3f5640a40f,2,False,1,True
18,4,1,"('Node-1',)",1,416da3ee0a5b4b778ceb70d03617ef5d,2,False,1,False
18,4,2,"('Node-2',)",2,2da82a79d8d54665963bc458730e7c6a,2,True,2,False
19,4,0,"('Node-0',)",0,0f1679f7884a45dcbcc2da3f5640a40f,2,False,1,True
19,4,1,"('Node-1',)",1,416da3ee0a5b4b778ceb70d03617ef5d,2,False,1,False
19,4,2,"('Node-2',)",2,2da82a79d8d54665963bc458730e7c6a,2,True,2,False
20,4,0,"('Node-0',)",0,0f1679f7884a45dcbcc2da3f5640a40f,2,False,1,True
20,4,1,"('Node-1',)",1,416da3ee0a5b4b778ceb70d03617ef5d,2,False,1,False
20,4,2,"('Node-2',)",2,2da82a79d8d54665963bc458730e7c6a,2,True,2,False
21,4,0,"('Node-0',)",0,0f1679f7884a45dcbcc2da3f5640a40f,2,False,1,True
21,4,1,"('Node-1',)",1,416da3ee0a5b4b778ceb70d03617ef5d,2,False,1,False
21,4,2,"('Node-2',)",2,2da82a79d8d54665963bc458730e7c6a,2,True,2,False
22,4,0,"('Node-0',)",0,0f1679f7884a45dcbcc2da3f5640a40f,2,False,1,True
22,4,1,"('Node-1',)",1,416da3ee0a5b4b778ceb70d03617ef5d,2,False,1,False
22,4,2,"('Node-2',)",2,2da82a79d8d54665963bc458730e7c6a,2,True,2,False
23,4,0,"('Node-0',)",0,0f1679f7884a45dcbcc2da3f5640a40f,2,False,1,True
23,4,1,"('Node-1',)",1,416da3ee0a5b4b778ceb70d03617ef5d,2,False,1,False
23,4,2,"('Node-2',)",2,2da82a79d8d54665963bc458730e7c6a,2,True,2,False
24,4,0,"('Node-0',)",0,0f1679f7884a45dcbcc2da3f5640a40f,2,False,1,True
24,4,1,"('Node-1',)",1,416da3ee0a5b4b778ceb70d03617ef5d,2,False,1,False
24,4,2,"('Node-2',)",2,2da82a79d8d54665963bc458730e7c6a,2,True,2,False
25,4,0,"('Node-0',)",0,0f1679f7884a45dcbcc2da3f5640a40f,2,False,1,True
25,4,1,"('Node-1',)",1,416da3ee0a5b4b778ceb70d03617ef5d,2,False,1,False
25,4,2,"('Node-2',)",2,2da82a79d8d54665963bc458730e7c6a,2,True,2,False
26,4,0,"('Node-0',)",0,0f1679f7884a45dcbcc2da3f5640a40f,2,False,1,True
26,4,1,"('Node-1',)",1,416da3ee0a5b4b778ceb70d03617ef5d,2,False,1,False
26,4,2,"('Node-2',)",2,2da82a79d8d54665963bc458730e7c6a,2,True,2,False
27,4,0,"('Node-0',)",0,0f1679f7884a45dcbcc2da3f5640a40f,2,False,1,True
27,4,1,"('Node-1',)",1,416da3ee0a5b4b778ceb70d03617ef5d,2,False,1,False
27,4,2,"('Node-2',)",2,2da82a79d8d54665963bc458730e7c6a,2,True,2,False
28,4,0,"('Node-0',)",0,0f1679f7884a45dcbcc2da3f5640a40f,2,False,1,True
28,4,1,"('Node-1',)",1,416da3ee0a5b4b778ceb70d03617ef5d,2,False,1,False
28,4,2,"('Node-2',)",2,2da82a79d8d54665963bc458730e7c6a,2,True,2,False
29,4,0,"('Node-0',)",0,0f1679f7884a45dcbcc2da3f5640a40f,2,False,1,True
29,4,1,"('Node-1',)",1,416da3ee0a5b4b778ceb70d03617ef5d,2,False,1,False
29,4,2,"('Node-2',)",2,2da82a79d8d54665963bc458730e7c6a,2,True,2,False
30,4,0,"('Node-0',)",0,0f1679f7884a45dcbcc2da3f5640a40f,2,False,1,True
30,4,1,"('Node-1',)",1,416da3ee0a5b4b778ceb70d03617ef5d,2,False,1,False
30,4,2,"('Node-2',)",2,2da82a79d8d54665963bc458730e7c6a,2,True,2,False
31,4,0,"('Node-0',)",0,0f1679f7884a45dcbcc2da3f5640a40f,2,False,1,True
31,4,1,"('Node-1',)",1,416da3ee0a5b4b778ceb70d03617ef5d,2,False,1,False
31,4,2,"('Node-2',)",2,2da82a79d8d54665963bc458730e7c6a,2,True,2,False
32,4,0,"('Node-0',)",0,0f1679f7884a45dcbcc2da3f5640a40f,2,False,1,True
32,4,1,"('Node-1',)",1,416da3ee0a5b4b778ceb70d03617ef5d,2,False,1,False
32,4,2,"('Node-2',)",2,2da82a79d8d54665963bc458730e7c6a,2,True,2,False
33,4,0,"('Node-0',)",0,0f1679f7884a45dcbcc2da3f5640a40f,2,False,1,True
33,4,1,"('Node-1',)",1,416da3ee0a5b4b778ceb70d03617ef5d,2,False,1,False
33,4,2,"('Node-2',)",2,2da82a79d8d54665963bc458730e7c6a,2,True,2,False
34,4,0,"('Node-0',)",0,0f1679f7884a45dcbcc2da3f5640a40f,2,False,1,True
34,4,1,"('Node-1',)",1,416da3ee0a5b4b778ceb70d03617ef5d,2,False,1,False
34,4,2,"('Node-2',)",2,2da82a79d8d54665963bc458730e7c6a,2,True,2,False
35,4,0,"('Node-0',)",0,0f1679f7884a45dcbcc2da3f5640a40f,2,False,1,True
35,4,1,"('Node-1',)",1,416da3ee0a5b4b778ceb70d03617ef5d,2,False,1,False
35,4,2,"('Node-2',)",2,2da82a79d8d54665963bc458730e7c6a,2,True,2,False
36,4,0,"('Node-0',)",0,0f1679f7884a45dcbcc2da3f5640a40f,2,False,1,True
36,4,1,"('Node-1',)",1,416da3ee0a5b4b778ceb70d03617ef5d,2,False,1,False
36,4,2,"('Node-2',)",2,2da82a79d8d54665963bc458730e7c6a,2,True,2,False
37,4,0,"('Node-0',)",0,0f1679f7884a45dcbcc2da3f5640a40f,2,False,1,True
37,4,1,"('Node-1',)",1,416da3ee0a5b4b778ceb70d03617ef5d,2,False,1,False
37,4,2,"('Node-2',)",2,2da82a79d8d54665963bc458730e7c6a,2,True,2,False
38,4,0,"('Node-0',)",0,0f1679f7884a45dcbcc2da3f5640a40f,2,False,1,True
38,4,1,"('Node-1',)",1,416da3ee0a5b4b778ceb70d03617ef5d,2,False,1,False
38,4,2,"('Node-2',)",2,2da82a79d8d54665963bc458730e7c6a,2,True,2,False
39,4,0,"('Node-0',)",0,0f1679f7884a45dcbcc2da3f5640a40f,2,False,1,True
39,4,1,"('Node-1',)",1,416da3ee0a5b4b778ceb70d03617ef5d,2,False,1,False
39,4,2,"('Node-2',)",2,2da82a79d8d54665963bc458730e7c6a,2,True,2,False
40,4,0,"('Node-0',)",0,0f1679f7884a45dcbcc2da3f5640a40f,2,False,1,True
40,4,1,"('Node-1',)",1,416da3ee0a5b4b778ceb70d03617ef5d,2,False,1,False
40,4,2,"('Node-2',)",2,2da82a79d8d54665963bc458730e7c6a,2,True,2,False
41,4,0,"('Node-0',)",0,0f1679f7884a45dcbcc2da3f5640a40f,2,False,1,True
41,4,1,"('Node-1',)",1,416da3ee0a5b4b778ceb70d03617ef5d,2,False,1,False
41,4,2,"('Node-2',)",2,2da82a79d8d54665963bc458730e7c6a,2,True,2,False
42,4,0,"('Node-0',)",0,0f1679f7884a45dcbcc2da3f5640a40f,2,False,1,True
42,4,1,"('Node-1',)",1,416da3ee0a5b4b778ceb70d03617ef5d,2,False,1,False
42,4,2,"('Node-2',)",2,2da82a79d8d54665963bc458730e7c6a,2,True,2,False
43,4,0,"('Node-0',)",0,0f1679f7884a45dcbcc2da3f5640a40f,2,False,1,True
43,4,1,"('Node-1',)",1,416da3ee0a5b4b778ceb70d03617ef5d,2,False,1,False
43,4,2,"('Node-2',)",2,2da82a79d8d54665963bc458730e7c6a,2,True,2,False
44,4,0,"('Node-0',)",0,0f1679f7884a45dcbcc2da3f5640a40f,2,False,1,True
44,4,1,"('Node-1',)",1,416da3ee0a5b4b778ceb70d03617ef5d,2,False,1,False
44,4,2,"('Node-2',)",2,2da82a79d8d54665963bc458730e7c6a,2,True,2,False
45,4,0,"('Node-0',)",0,0f1679f7884a45dcbcc2da3f5640a40f,2,False,1,True
45,4,1,"('Node-1',)",1,416da3ee0a5b4b778ceb70d03617ef5d,2,False,1,False
45,4,2,"('Node-2',)",2,2da82a79d8d54665963bc458730e7c6a,2,True,2,False
46,4,0,"('Node-0',)",0,0f1679f7884a45dcbcc2da3f5640a40f,2,False,1,True
46,4,1,"('Node-1',)",1,416da3ee0a5b4b778ceb70d03617ef5d,2,False,1,False
46,4,2,"('Node-2',)",2,2da82a79d8d54665963bc458730e7c6a,2,True,2,False
47,4,0,"('Node-0',)",0,0f1679f7884a45dcbcc2da3f5640a40f,2,False,1,True
47,4,1,"('Node-1',)",1,416da3ee0a5b4b778ceb70d03617ef5d,2,False,1,False
47,4,2,"('Node-2',)",2,2da82a79d8d54665963bc458730e7c6a,2,True,2,False
48,4,0,"('Node-0',)",0,0f1679f7884a45dcbcc2da3f5640a40f,2,False,1,True
48,4,1,"('Node-1',)",1,416da3ee0a5b4b778ceb70d03617ef5d,2,False,1,False
48,4,2,"('Node-2',)",2,2da82a79d8d54665963bc458730e7c6a,2,True,2,False
49,4,0,"('Node-0',)",0,0f1679f7884a45dcbcc2da3f5640a40f,2,False,1,True
49,4,1,"('Node-1',)",1,416da3ee0a5b4b778ceb70d03617ef5d,2,False,1,False
49,4,2,"('Node-2',)",2,2da82a79d8d54665963bc458730e7c6a,2,True,2,False
50,4,0,"('Node-0',)",0,0f1679f7884a45dcbcc2da3f5640a40f,2,False,1,True
50,4,1,"('Node-1',)",1,416da3ee0a5b4b778ceb70d03617ef5d,2,False,1,False
50,4,2,"('Node-2',)",2,2da82a79d8d54665963bc458730e7c6a,2,True,2,False
51,4,0,"('Node-0',)",0,0f1679f7884a45dcbcc2da3f5640a40f,2,False,1,True
51,4,1,"('Node-1',)",1,416da3ee0a5b4b778ceb70d03617ef5d,2,False,1,False
51,4,2,"('Node-2',)",2,2da82a79d8d54665963bc458730e7c6a,2,True,2,False
52,4,0,"('Node-0',)",0,0f1679f7884a45dcbcc2da3f5640a40f,2,False,1,True
52,4,1,"('Node-1',)",1,416da3ee0a5b4b778ceb70d03617ef5d,2,False,1,False
52,4,2,"('Node-2',)",2,2da82a79d8d54665963bc458730e7c6a,2,True,2,False
53,4,0,"('Node-0',)",0,0f1679f7884a45dcbcc2da3f5640a40f,2,False,1,True
53,4,1,"('Node-1',)",1,416da3ee0a5b4b778ceb70d03617ef5d,2,False,1,False
53,4,2,"('Node-2',)",2,2da82a79d8d54665963bc458730e7c6a,2,True,2,False
54,4,0,"('Node-0',)",0,0f1679f7884a45dcbcc2da3f5640a40f,2,False,1,True
54,4,1,"('Node-1',)",1,416da3ee0a5b4b778ceb70d03617ef5d,2,False,1,False
54,4,2,"('Node-2',)",2,2da82a79d8d54665963bc458730e7c6a,2,True,2,False
55,4,0,"('Node-0',)",0,0f1679f7884a45dcbcc2da3f5640a40f,2,False,1,True
55,4,1,"('Node-1',)",1,416da3ee0a5b4b778ceb70d03617ef5d,2,False,1,False
55,4,2,"('Node-2',)",2,2da82a79d8d54665963bc458730e7c6a,2,True,2,False
56,4,0,"('Node-0',)",0,0f1679f7884a45dcbcc2da3f5640a40f,2,False,1,True
56,4,1,"('Node-1',)",1,416da3ee0a5b4b778ceb70d03617ef5d,2,False,1,False
56,4,2,"('Node-2',)",2,2da82a79d8d54665963bc458730e7c6a,2,True,2,False
57,4,0,"('Node-0',)",0,0f1679f7884a45dcbcc2da3f5640a40f,2,False,1,True
57,4,1,"('Node-1',)",1,416da3ee0a5b4b778ceb70d03617ef5d,2,False,1,False
57,4,2,"('Node-2',)",2,2da82a79d8d54665963bc458730e7c6a,2,True,2,False
58,4,0,"('Node-0',)",0,0f1679f7884a45dcbcc2da3f5640a40f,2,False,1,True
58,4,1,"('Node-1',)",1,416da3ee0a5b4b778ceb70d03617ef5d,2,False,1,False
58,4,2,"('Node-2',)",2,2da82a79d8d54665963bc458730e7c6a,2,True,2,False
59,4,0,"('Node-0',)",0,0f1679f7884a45dcbcc2da3f5640a40f,2,False,1,True
59,4,1,"('Node-1',)",1,416da3ee0a5b4b778ceb70d03617ef5d,2,False,1,False
59,4,2,"('Node-2',)",2,2da82a79d8d54665963bc458730e7c6a,2,True,2,False
60,4,0,"('Node-0',)",0,0f1679f7884a45dcbcc2da3f5640a40f,2,False,1,True
60,4,1,"('Node-1',)",1,416da3ee0a5b4b778ceb70d03617ef5d,2,False,1,False
60,4,2,"('Node-2',)",2,2da82a79d8d54665963bc458730e7c6a,2,True,2,False
61,4,0,"('Node-0',)",0,0f1679f7884a45dcbcc2da3f5640a40f,2,False,1,True
61,4,1,"('Node-1',)",1,416da3ee0a5b4b778ceb70d03617ef5d,2,False,1,False
61,4,2,"('Node-2',)",2,2da82a79d8d54665963bc458730e7c6a,2,True,2,False
62,4,0,"('Node-0',)",0,0f1679f7884a45dcbcc2da3f5640a40f,2,False,1,True
62,4,1,"('Node-1',)",1,416da3ee0a5b4b778ceb70d03617ef5d,2,False,1,False
62,4,2,"('Node-2',)",2,2da82a79d8d54665963bc458730e7c6a,2,True,2,False
63,4,0,"('Node-0',)",0,0f1679f7884a45dcbcc2da3f5640a40f,2,False,1,True
63,4,1,"('Node-1',)",1,416da3ee0a5b4b778ceb70d03617ef5d,2,False,1,False
63,4,2,"('Node-2',)",2,2da82a79d8d54665963bc458730e7c6a,2,True,2,False
64,4,0,"('Node-0',)",0,0f1679f7884a45dcbcc2da3f5640a40f,2,False,1,True
64,4,1,"('Node-1',)",1,416da3ee0a5b4b778ceb70d03617ef5d,2,False,1,False
64,4,2,"('Node-2',)",2,2da82a79d8d54665963bc458730e7c6a,2,True,2,False
65,4,0,"('Node-0',)",0,0f1679f7884a45dcbcc2da3f5640a40f,2,False,1,True
65,4,1,"('Node-1',)",1,416da3ee0a5b4b778ceb70d03617ef5d,2,False,1,False
65,4,2,"('Node-2',)",2,2da82a79d8d54665963bc458730e7c6a,2,True,2,False
66,4,0,"('Node-0',)",0,0f1679f7884a45dcbcc2da3f5640a40f,2,False,1,True
66,4,1,"('Node-1',)",1,416da3ee0a5b4b778ceb70d03617ef5d,2,False,1,False
66,4,2,"('Node-2',)",2,2da82a79d8d54665963bc458730e7c6a,2,True,2,False
67,4,0,"('Node-0',)",0,0f1679f7884a45dcbcc2da3f5640a40f,2,False,1,True
67,4,1,"('Node-1',)",1,416da3ee0a5b4b778ceb70d03617ef5d,2,False,1,False
67,4,2,"('Node-2',)",2,2da82a79d8d54665963bc458730e7c6a,2,True,2,False
68,4,0,"('Node-0',)",0,0f1679f7884a45dcbcc2da3f5640a40f,2,False,1,True
68,4,1,"('Node-1',)",1,416da3ee0a5b4b778ceb70d03617ef5d,2,False,1,False
68,4,2,"('Node-2',)",2,2da82a79d8d54665963bc458730e7c6a,2,True,2,False
69,4,0,"('Node-0',)",0,0f1679f7884a45dcbcc2da3f5640a40f,2,False,1,True
69,4,1,"('Node-1',)",1,416da3ee0a5b4b778ceb70d03617ef5d,2,False,1,False
69,4,2,"('Node-2',)",2,2da82a79d8d54665963bc458730e7c6a,2,True,2,False
70,4,0,"('Node-0',)",0,0f1679f7884a45dcbcc2da3f5640a40f,2,False,1,True
70,4,1,"('Node-1',)",1,416da3ee0a5b4b778ceb70d03617ef5d,2,False,1,False
70,4,2,"('Node-2',)",2,2da82a79d8d54665963bc458730e7c6a,2,True,2,False
71,4,0,"('Node-0',)",0,0f1679f7884a45dcbcc2da3f5640a40f,2,False,1,True
71,4,1,"('Node-1',)",1,416da3ee0a5b4b778ceb70d03617ef5d,2,False,1,False
71,4,2,"('Node-2',)",2,2da82a79d8d54665963bc458730e7c6a,2,True,2,False
72,4,0,"('Node-0',)",0,0f1679f7884a45dcbcc2da3f5640a40f,2,False,1,True
72,4,1,"('Node-1',)",1,416da3ee0a5b4b778ceb70d03617ef5d,2,False,1,False
72,4,2,"('Node-2',)",2,2da82a79d8d54665963bc458730e7c6a,2,True,2,False
73,4,0,"('Node-0',)",0,0f1679f7884a45dcbcc2da3f5640a40f,2,False,1,True
73,4,1,"('Node-1',)",1,416da3ee0a5b4b778ceb70d03617ef5d,2,False,1,False
73,4,2,"('Node-2',)",2,2da82a79d8d54665963bc458730e7c6a,2,True,2,False
74,4,0,"('Node-0',)",0,0f1679f7884a45dcbcc2da3f5640a40f,2,False,1,True
74,4,1,"('Node-1',)",1,416da3ee0a5b4b778ceb70d03617ef5d,2,False,1,False
74,4,2,"('Node-2',)",2,2da82a79d8d54665963bc458730e7c6a,2,True,2,False
75,4,0,"('Node-0',)",0,0f1679f7884a45dcbcc2da3f5640a40f,2,False,1,True
75,4,1,"('Node-1',)",1,416da3ee0a5b4b778ceb70d03617ef5d,2,False,1,False
75,4,2,"('Node-2',)",2,2da82a79d8d54665963bc458730e7c6a,2,True,2,False
76,4,0,"('Node-0',)",0,0f1679f7884a45dcbcc2da3f5640a40f,2,False,1,True
76,4,1,"('Node-1',)",1,416da3ee0a5b4b778ceb70d03617ef5d,2,False,1,False
76,4,2,"('Node-2',)",2,2da82a79d8d54665963bc458730e7c6a,2,True,2,False
77,4,0,"('Node-0',)",0,0f1679f7884a45dcbcc2da3f5640a40f,2,False,1,True
77,4,1,"('Node-1',)",1,416da3ee0a5b4b778ceb70d03617ef5d,2,False,1,False
77,4,2,"('Node-2',)",2,2da82a79d8d54665963bc458730e7c6a,2,True,2,False
78,4,0,"('Node-0',)",0,0f1679f7884a45dcbcc2da3f5640a40f,2,False,1,True
78,4,1,"('Node-1',)",1,416da3ee0a5b4b778ceb70d03617ef5d,2,False,1,False
78,4,2,"('Node-2',)",2,2da82a79d8d54665963bc458730e7c6a,2,True,2,False
79,4,0,"('Node-0',)",0,0f1679f7884a45dcbcc2da3f5640a40f,2,False,1,True
79,4,1,"('Node-1',)",1,416da3ee0a5b4b778ceb70d03617ef5d,2,False,1,False
79,4,2,"('Node-2',)",2,2da82a79d8d54665963bc458730e7c6a,2,True,2,False
80,4,0,"('Node-0',)",0,0f1679f7884a45dcbcc2da3f5640a40f,2,False,1,True
80,4,1,"('Node-1',)",1,416da3ee0a5b4b778ceb70d03617ef5d,2,False,1,False
80,4,2,"('Node-2',)",2,2da82a79d8d54665963bc458730e7c6a,2,True,2,False
81,4,0,"('Node-0',)",0,0f1679f7884a45dcbcc2da3f5640a40f,2,False,1,True
81,4,1,"('Node-1',)",1,416da3ee0a5b4b778ceb70d03617ef5d,2,False,1,False
81,4,2,"('Node-2',)",2,2da82a79d8d54665963bc458730e7c6a,2,True,2,False
82,4,0,"('Node-0',)",0,0f1679f7884a45dcbcc2da3f5640a40f,2,False,1,True
82,4,1,"('Node-1',)",1,416da3ee0a5b4b778ceb70d03617ef5d,2,False,1,False
82,4,2,"('Node-2',)",2,2da82a79d8d54665963bc458730e7c6a,2,True,2,False
83,4,0,"('Node-0',)",0,0f1679f7884a45dcbcc2da3f5640a40f,2,False,1,True
83,4,1,"('Node-1',)",1,416da3ee0a5b4b778ceb70d03617ef5d,2,False,1,False
83,4,2,"('Node-2',)",2,2da82a79d8d54665963bc458730e7c6a,2,True,2,False
84,4,0,"('Node-0',)",0,0f1679f7884a45dcbcc2da3f5640a40f,2,False,1,True
84,4,1,"('Node-1',)",1,416da3ee0a5b4b778ceb70d03617ef5d,2,False,1,False
84,4,2,"('Node-2',)",2,2da82a79d8d54665963bc458730e7c6a,2,True,2,False
85,4,0,"('Node-0',)",0,0f1679f7884a45dcbcc2da3f5640a40f,2,False,1,True
85,4,1,"('Node-1',)",1,416da3ee0a5b4b778ceb70d03617ef5d,2,False,1,False
85,4,2,"('Node-2',)",2,2da82a79d8d54665963bc458730e7c6a,2,True,2,False
86,4,0,"('Node-0',)",0,0f1679f7884a45dcbcc2da3f5640a40f,2,False,1,True
86,4,1,"('Node-1',)",1,416da3ee0a5b4b778ceb70d03617ef5d,2,False,1,False
86,4,2,"('Node-2',)",2,2da82a79d8d54665963bc458730e7c6a,2,True,2,False
87,4,0,"('Node-0',)",0,0f1679f7884a45dcbcc2da3f5640a40f,2,False,1,True
87,4,1,"('Node-1',)",1,416da3ee0a5b4b778ceb70d03617ef5d,2,False,1,False
87,4,2,"('Node-2',)",2,2da82a79d8d54665963bc458730e7c6a,2,True,2,False
88,4,0,"('Node-0',)",0,0f1679f7884a45dcbcc2da3f5640a40f,2,False,1,True
88,4,1,"('Node-1',)",1,416da3ee0a5b4b778ceb70d03617ef5d,2,False,1,False
88,4,2,"('Node-2',)",2,2da82a79d8d54665963bc458730e7c6a,2,True,2,False
89,4,0,"('Node-0',)",0,0f1679f7884a45dcbcc2da3f5640a40f,2,False,1,True
89,4,1,"('Node-1',)",1,416da3ee0a5b4b778ceb70d03617ef5d,2,False,1,False
89,4,2,"('Node-2',)",2,2da82a79d8d54665963bc458730e7c6a,2,True,2,False
90,4,0,"('Node-0',)",0,0f1679f7884a45dcbcc2da3f5640a40f,2,False,1,True
90,4,1,"('Node-1',)",1,416da3ee0a5b4b778ceb70d03617ef5d,2,False,1,False
90,4,2,"('Node-2',)",2,2da82a79d8d54665963bc458730e7c6a,2,True,2,False
91,4,0,"('Node-0',)",0,0f1679f7884a45dcbcc2da3f5640a40f,2,False,1,True
91,4,1,"('Node-1',)",1,416da3ee0a5b4b778ceb70d03617ef5d,2,False,1,False
91,4,2,"('Node-2',)",2,2da82a79d8d54665963bc458730e7c6a,2,True,2,False
92,4,0,"('Node-0',)",0,0f1679f7884a45dcbcc2da3f5640a40f,2,False,1,True
92,4,1,"('Node-1',)",1,416da3ee0a5b4b778ceb70d03617ef5d,2,False,1,False
92,4,2,"('Node-2',)",2,2da82a79d8d54665963bc458730e7c6a,2,True,2,False
93,4,0,"('Node-0',)",0,0f1679f7884a45dcbcc2da3f5640a40f,2,False,1,True
93,4,1,"('Node-1',)",1,416da3ee0a5b4b778ceb70d03617ef5d,2,False,1,False
93,4,2,"('Node-2',)",2,2da82a79d8d54665963bc458730e7c6a,2,True,2,False
94,4,0,"('Node-0',)",0,0f1679f7884a45dcbcc2da3f5640a40f,2,False,1,True
94,4,1,"('Node-1',)",1,416da3ee0a5b4b778ceb70d03617ef5d,2,False,1,False
94,4,2,"('Node-2',)",2,2da82a79d8d54665963bc458730e7c6a,2,True,2,False
95,4,0,"('Node-0',)",0,0f1679f7884a45dcbcc2da3f5640a40f,2,False,1,True
95,4,1,"('Node-1',)",1,416da3ee0a5b4b778ceb70d03617ef5d,2,False,1,False
95,4,2,"('Node-2',)",2,2da82a79d8d54665963bc458730e7c6a,2,True,2,False
96,4,0,"('Node-0',)",0,0f1679f7884a45dcbcc2da3f5640a40f,2,False,1,True
96,4,1,"('Node-1',)",1,416da3ee0a5b4b778ceb70d03617ef5d,2,False,1,False
96,4,2,"('Node-2',)",2,2da82a79d8d54665963bc458730e7c6a,2,True,2,False
97,4,0,"('Node-0',)",0,0f1679f7884a45dcbcc2da3f5640a40f,2,False,1,True
97,4,1,"('Node-1',)",1,416da3ee0a5b4b778ceb70d03617ef5d,2,False,1,False
97,4,2,"('Node-2',)",2,2da82a79d8d54665963bc458730e7c6a,2,True,2,False
98,4,0,"('Node-0',)",0,0f1679f7884a45dcbcc2da3f5640a40f,2,False,1,True
98,4,1,"('Node-1',)",1,416da3ee0a5b4b778ceb70d03617ef5d,2,False,1,False
98,4,2,"('Node-2',)",2,2da82a79d8d54665963bc458730e7c6a,2,True,2,False
99,4,0,"('Node-0',)",0,0f1679f7884a45dcbcc2da3f5640a40f,2,False,1,True
99,4,1,"('Node-1',)",1,416da3ee0a5b4b778ceb70d03617ef5d,2,False,1,False
99,4,2,"('Node-2',)",2,2da82a79d8d54665963bc458730e7c6a,2,True,2,False
100,3,0,"('Node-0',)",0,0f1679f7884a45dcbcc2da3f5640a40f,2,False,1,True
100,3,1,"('Node-1',)",1,416da3ee0a5b4b778ceb70d03617ef5d,2,False,1,False
100,3,2,"('Node-2',)",2,2da82a79d8d54665963bc458730e7c6a,2,True,2,False
101,3,0,"('Node-0',)",0,0f1679f7884a45dcbcc2da3f5640a40f,2,False,1,True
101,3,1,"('Node-1',)",1,416da3ee0a5b4b778ceb70d03617ef5d,2,False,1,False
101,3,2,"('Node-2',)",2,2da82a79d8d54665963bc458730e7c6a,2,True,2,False
102,3,0,"('Node-0',)",0,0f1679f7884a45dcbcc2da3f5640a40f,2,False,1,True
102,3,1,"('Node-1',)",1,416da3ee0a5b4b778ceb70d03617ef5d,2,False,1,False
102,3,2,"('Node-2',)",2,2da82a79d8d54665963bc458730e7c6a,2,True,2,False
103,3,0,"('Node-0',)",0,0f1679f7884a45dcbcc2da3f5640a40f,2,False,1,True
103,3,1,"('Node-1',)",1,416da3ee0a5b4b778ceb70d03617ef5d,2,False,1,False
103,3,2,"('Node-2',)",2,2da82a79d8d54665963bc458730e7c6a,2,True,2,False
104,3,0,"('Node-0',)",0,0f1679f7884a45dcbcc2da3f5640a40f,2,False,1,True
104,3,1,"('Node-1',)",1,416da3ee0a5b4b778ceb70d03617ef5d,2,False,1,False
104,3,2,"('Node-2',)",2,2da82a79d8d54665963bc458730e7c6a,2,True,2,False
105,3,0,"('Node-0',)",0,0f1679f7884a45dcbcc2da3f5640a40f,2,False,1,True
105,3,1,"('Node-1',)",1,416da3ee0a5b4b778ceb70d03617ef5d,2,False,1,False
105,3,2,"('Node-2',)",2,2da82a79d8d54665963bc458730e7c6a,2,True,2,False
106,3,0,"('Node-0',)",0,0f1679f7884a45dcbcc2da3f5640a40f,2,False,1,True
106,3,1,"('Node-1',)",1,416da3ee0a5b4b778ceb70d03617ef5d,2,False,1,False
106,3,2,"('Node-2',)",2,2da82a79d8d54665963bc458730e7c6a,2,True,2,False
107,3,0,"('Node-0',)",0,0f1679f7884a45dcbcc2da3f5640a40f,2,False,1,True
107,3,1,"('Node-1',)",1,416da3ee0a5b4b778ceb70d03617ef5d,2,False,1,False
107,3,2,"('Node-2',)",2,2da82a79d8d54665963bc458730e7c6a,2,True,2,False
108,3,0,"('Node-0',)",0,0f1679f7884a45dcbcc2da3f5640a40f,2,False,1,True
108,3,1,"('Node-1',)",1,416da3ee0a5b4b778ceb70d03617ef5d,2,False,1,False
108,3,2,"('Node-2',)",2,2da82a79d8d54665963bc458730e7c6a,2,True,2,False
109,3,0,"('Node-0',)",0,0f1679f7884a45dcbcc2da3f5640a40f,2,False,1,True
109,3,1,"('Node-1',)",1,416da3ee0a5b4b778ceb70d03617ef5d,2,False,1,False
109,3,2,"('Node-2',)",2,2da82a79d8d54665963bc458730e7c6a,2,True,2,False
110,3,0,"('Node-0',)",0,0f1679f7884a45dcbcc2da3f5640a40f,2,False,1,True
110,3,1,"('Node-1',)",1,416da3ee0a5b4b778ceb70d03617ef5d,2,False,1,False
110,3,2,"('Node-2',)",2,2da82a79d8d54665963bc458730e7c6a,2,True,2,False
111,3,0,"('Node-0',)",0,0f1679f7884a45dcbcc2da3f5640a40f,2,False,1,True
111,3,1,"('Node-1',)",1,416da3ee0a5b4b778ceb70d03617ef5d,2,False,1,False
111,3,2,"('Node-2',)",2,2da82a79d8d54665963bc458730e7c6a,2,True,2,False
112,3,0,"('Node-0',)",0,0f1679f7884a45dcbcc2da3f5640a40f,2,False,1,True
112,3,1,"('Node-1',)",1,416da3ee0a5b4b778ceb70d03617ef5d,2,False,1,False
112,3,2,"('Node-2',)",2,2da82a79d8d54665963bc458730e7c6a,2,True,2,False
113,3,0,"('Node-0',)",0,0f1679f7884a45dcbcc2da3f5640a40f,2,False,1,True
113,3,1,"('Node-1',)",1,416da3ee0a5b4b778ceb70d03617ef5d,2,False,1,False
113,3,2,"('Node-2',)",2,2da82a79d8d54665963bc458730e7c6a,2,True,2,False
114,3,0,"('Node-0',)",0,0f1679f7884a45dcbcc2da3f5640a40f,2,False,1,True
114,3,1,"('Node-1',)",1,416da3ee0a5b4b778ceb70d03617ef5d,2,False,1,False
114,3,2,"('Node-2',)",2,2da82a79d8d54665963bc458730e7c6a,2,True,2,False
115,3,0,"('Node-0',)",0,0f1679f7884a45dcbcc2da3f5640a40f,2,False,1,True
115,3,1,"('Node-1',)",1,416da3ee0a5b4b778ceb70d03617ef5d,2,False,1,False
115,3,2,"('Node-2',)",2,2da82a79d8d54665963bc458730e7c6a,2,True,2,False
116,3,0,"('Node-0',)",0,0f1679f7884a45dcbcc2da3f5640a40f,2,False,1,True
116,3,1,"('Node-1',)",1,416da3ee0a5b4b778ceb70d03617ef5d,2,False,1,False
116,3,2,"('Node-2',)",2,2da82a79d8d54665963bc458730e7c6a,2,True,2,False
117,3,0,"('Node-0',)",0,0f1679f7884a45dcbcc2da3f5640a40f,2,False,1,True
117,3,1,"('Node-1',)",1,416da3ee0a5b4b778ceb70d03617ef5d,2,False,1,False
117,3,2,"('Node-2',)",2,2da82a79d8d54665963bc458730e7c6a,2,True,2,False
118,3,0,"('Node-0',)",0,0f1679f7884a45dcbcc2da3f5640a40f,2,False,1,True
118,3,1,"('Node-1',)",1,416da3ee0a5b4b778ceb70d03617ef5d,2,False,1,False
118,3,2,"('Node-2',)",2,2da82a79d8d54665963bc458730e7c6a,2,True,2,False
119,3,0,"('Node-0',)",0,0f1679f7884a45dcbcc2da3f5640a40f,2,False,1,True
119,3,1,"('Node-1',)",1,416da3ee0a5b4b778ceb70d03617ef5d,2,False,1,False
119,3,2,"('Node-2',)",2,2da82a79d8d54665963bc458730e7c6a,2,True,2,False
120,3,0,"('Node-0',)",0,0f1679f7884a45dcbcc2da3f5640a40f,2,False,1,True
120,3,1,"('Node-1',)",1,416da3ee0a5b4b778ceb70d03617ef5d,2,False,1,False
120,3,2,"('Node-2',)",2,2da82a79d8d54665963bc458730e7c6a,2,True,2,False
121,3,0,"('Node-0',)",0,0f1679f7884a45dcbcc2da3f5640a40f,2,False,1,True
121,3,1,"('Node-1',)",1,416da3ee0a5b4b778ceb70d03617ef5d,2,False,1,False
121,3,2,"('Node-2',)",2,2da82a79d8d54665963bc458730e7c6a,2,True,2,False
122,3,0,"('Node-0',)",0,0f1679f7884a45dcbcc2da3f5640a40f,2,False,1,True
122,3,1,"('Node-1',)",1,416da3ee0a5b4b778ceb70d03617ef5d,2,False,1,False
122,3,2,"('Node-2',)",2,2da82a79d8d54665963bc458730e7c6a,2,True,2,False
123,3,0,"('Node-0',)",0,0f1679f7884a45dcbcc2da3f5640a40f,2,False,1,True
123,3,1,"('Node-1',)",1,416da3ee0a5b4b778ceb70d03617ef5d,2,False,1,False
123,3,2,"('Node-2',)",2,2da82a79d8d54665963bc458730e7c6a,2,True,2,False
124,3,0,"('Node-0',)",0,0f1679f7884a45dcbcc2da3f5640a40f,2,False,1,True
124,3,1,"('Node-1',)",1,416da3ee0a5b4b778ceb70d03617ef5d,2,False,1,False
124,3,2,"('Node-2',)",2,2da82a79d8d54665963bc458730e7c6a,2,True,2,False
125,3,0,"('Node-0',)",0,0f1679f7884a45dcbcc2da3f5640a40f,2,False,1,True
125,3,1,"('Node-1',)",1,416da3ee0a5b4b778ceb70d03617ef5d,2,False,1,False
125,3,2,"('Node-2',)",2,2da82a79d8d54665963bc458730e7c6a,2,True,2,False
126,3,0,"('Node-0',)",0,0f1679f7884a45dcbcc2da3f5640a40f,2,False,1,True
126,3,1,"('Node-1',)",1,416da3ee0a5b4b778ceb70d03617ef5d,2,False,1,False
126,3,2,"('Node-2',)",2,2da82a79d8d54665963bc458730e7c6a,2,True,2,False
127,3,0,"('Node-0',)",0,0f1679f7884a45dcbcc2da3f5640a40f,2,False,1,True
127,3,1,"('Node-1',)",1,416da3ee0a5b4b778ceb70d03617ef5d,2,False,1,False
127,3,2,"('Node-2',)",2,2da82a79d8d54665963bc458730e7c6a,2,True,2,False
128,3,0,"('Node-0',)",0,0f1679f7884a45dcbcc2da3f5640a40f,2,False,1,True
128,3,1,"('Node-1',)",1,416da3ee0a5b4b778ceb70d03617ef5d,2,False,1,False
128,3,2,"('Node-2',)",2,2da82a79d8d54665963bc458730e7c6a,2,True,2,False
129,3,0,"('Node-0',)",0,0f1679f7884a45dcbcc2da3f5640a40f,2,False,1,True
129,3,1,"('Node-1',)",1,416da3ee0a5b4b778ceb70d03617ef5d,2,False,1,False
129,3,2,"('Node-2',)",2,2da82a79d8d54665963bc458730e7c6a,2,True,2,False
130,3,0,"('Node-0',)",0,0f1679f7884a45dcbcc2da3f5640a40f,2,False,1,True
130,3,1,"('Node-1',)",1,416da3ee0a5b4b778ceb70d03617ef5d,2,False,1,False
130,3,2,"('Node-2',)",2,2da82a79d8d54665963bc458730e7c6a,2,True,2,False
131,3,0,"('Node-0',)",0,0f1679f7884a45dcbcc2da3f5640a40f,2,False,1,True
131,3,1,"('Node-1',)",1,416da3ee0a5b4b778ceb70d03617ef5d,2,False,1,False
131,3,2,"('Node-2',)",2,2da82a79d8d54665963bc458730e7c6a,2,True,2,False
132,3,0,"('Node-0',)",0,0f1679f7884a45dcbcc2da3f5640a40f,2,False,1,True
132,3,1,"('Node-1',)",1,416da3ee0a5b4b778ceb70d03617ef5d,2,False,1,False
132,3,2,"('Node-2',)",2,2da82a79d8d54665963bc458730e7c6a,2,True,2,False
133,3,0,"('Node-0',)",0,0f1679f7884a45dcbcc2da3f5640a40f,2,False,1,True
133,3,1,"('Node-1',)",1,416da3ee0a5b4b778ceb70d03617ef5d,2,False,1,False
133,3,2,"('Node-2',)",2,2da82a79d8d54665963bc458730e7c6a,2,True,2,False
134,3,0,"('Node-0',)",0,0f1679f7884a45dcbcc2da3f5640a40f,2,False,1,True
134,3,1,"('Node-1',)",1,416da3ee0a5b4b778ceb70d03617ef5d,2,False,1,False
134,3,2,"('Node-2',)",2,2da82a79d8d54665963bc458730e7c6a,2,True,2,False
135,3,0,"('Node-0',)",0,0f1679f7884a45dcbcc2da3f5640a40f,2,False,1,True
135,3,1,"('Node-1',)",1,416da3ee0a5b4b778ceb70d03617ef5d,2,False,1,False
135,3,2,"('Node-2',)",2,2da82a79d8d54665963bc458730e7c6a,2,True,2,False
136,3,0,"('Node-0',)",0,0f1679f7884a45dcbcc2da3f5640a40f,2,False,1,True
136,3,1,"('Node-1',)",1,416da3ee0a5b4b778ceb70d03617ef5d,2,False,1,False
136,3,2,"('Node-2',)",2,2da82a79d8d54665963bc458730e7c6a,2,True,2,False
137,3,0,"('Node-0',)",0,0f1679f7884a45dcbcc2da3f5640a40f,2,False,1,True
137,3,1,"('Node-1',)",1,416da3ee0a5b4b778ceb70d03617ef5d,2,False,1,False
137,3,2,"('Node-2',)",2,2da82a79d8d54665963bc458730e7c6a,2,True,2,False
138,3,0,"('Node-0',)",0,0f1679f7884a45dcbcc2da3f5640a40f,2,False,1,True
138,3,1,"('Node-1',)",1,416da3ee0a5b4b778ceb70d03617ef5d,2,False,1,False
138,3,2,"('Node-2',)",2,2da82a79d8d54665963bc458730e7c6a,2,True,2,False
139,3,0,"('Node-0',)",0,0f1679f7884a45dcbcc2da3f5640a40f,2,False,1,True
139,3,1,"('Node-1',)",1,416da3ee0a5b4b778ceb70d03617ef5d,2,False,1,False
139,3,2,"('Node-2',)",2,2da82a79d8d54665963bc458730e7c6a,2,True,2,False
140,3,0,"('Node-0',)",0,0f1679f7884a45dcbcc2da3f5640a40f,2,False,1,True
140,3,1,"('Node-1',)",1,416da3ee0a5b4b778ceb70d03617ef5d,2,False,1,False
140,3,2,"('Node-2',)",2,2da82a79d8d54665963bc458730e7c6a,2,True,2,False
141,3,0,"('Node-0',)",0,0f1679f7884a45dcbcc2da3f5640a40f,2,False,1,True
141,3,1,"('Node-1',)",1,416da3ee0a5b4b778ceb70d03617ef5d,2,False,1,False
141,3,2,"('Node-2',)",2,2da82a79d8d54665963bc458730e7c6a,2,True,2,False
142,3,0,"('Node-0',)",0,0f1679f7884a45dcbcc2da3f5640a40f,2,False,1,True
142,3,1,"('Node-1',)",1,416da3ee0a5b4b778ceb70d03617ef5d,2,False,1,False
142,3,2,"('Node-2',)",2,2da82a79d8d54665963bc458730e7c6a,2,True,2,False
143,3,0,"('Node-0',)",0,0f1679f7884a45dcbcc2da3f5640a40f,2,False,1,True
143,3,1,"('Node-1',)",1,416da3ee0a5b4b778ceb70d03617ef5d,2,False,1,False
143,3,2,"('Node-2',)",2,2da82a79d8d54665963bc458730e7c6a,2,True,2,False
144,3,0,"('Node-0',)",0,0f1679f7884a45dcbcc2da3f5640a40f,2,False,1,True
144,3,1,"('Node-1',)",1,416da3ee0a5b4b778ceb70d03617ef5d,2,False,1,False
144,3,2,"('Node-2',)",2,2da82a79d8d54665963bc458730e7c6a,2,True,2,False
145,3,0,"('Node-0',)",0,0f1679f7884a45dcbcc2da3f5640a40f,2,False,1,True
145,3,1,"('Node-1',)",1,416da3ee0a5b4b778ceb70d03617ef5d,2,False,1,False
145,3,2,"('Node-2',)",2,2da82a79d8d54665963bc458730e7c6a,2,True,2,False
146,3,0,"('Node-0',)",0,0f1679f7884a45dcbcc2da3f5640a40f,2,False,1,True
146,3,1,"('Node-1',)",1,416da3ee0a5b4b778ceb70d03617ef5d,2,False,1,False
146,3,2,"('Node-2',)",2,2da82a79d8d54665963bc458730e7c6a,2,True,2,False
147,3,0,"('Node-0',)",0,0f1679f7884a45dcbcc2da3f5640a40f,2,False,1,True
147,3,1,"('Node-1',)",1,416da3ee0a5b4b778ceb70d03617ef5d,2,False,1,False
147,3,2,"('Node-2',)",2,2da82a79d8d54665963bc458730e7c6a,2,True,2,False
148,3,0,"('Node-0',)",0,0f1679f7884a45dcbcc2da3f5640a40f,2,False,1,True
148,3,1,"('Node-1',)",1,416da3ee0a5b4b778ceb70d03617ef5d,2,False,1,False
148,3,2,"('Node-2',)",2,2da82a79d8d54665963bc458730e7c6a,2,True,2,False
149,3,0,"('Node-0',)",0,0f1679f7884a45dcbcc2da3f5640a40f,2,False,1,True
149,3,1,"('Node-1',)",1,416da3ee0a5b4b778ceb70d03617ef5d,2,False,1,False
149,3,2,"('Node-2',)",2,2da82a79d8d54665963bc458730e7c6a,2,True,2,False
150,3,0,"('Node-0',)",0,0f1679f7884a45dcbcc2da3f5640a40f,2,False,1,True
150,3,1,"('Node-1',)",1,416da3ee0a5b4b778ceb70d03617ef5d,2,False,1,False
150,3,2,"('Node-2',)",2,2da82a79d8d54665963bc458730e7c6a,2,True,2,False
151,3,0,"('Node-0',)",0,0f1679f7884a45dcbcc2da3f5640a40f,2,False,1,True
151,3,1,"('Node-1',)",1,416da3ee0a5b4b778ceb70d03617ef5d,2,False,1,False
151,3,2,"('Node-2',)",2,2da82a79d8d54665963bc458730e7c6a,2,True,2,False
152,3,0,"('Node-0',)",0,0f1679f7884a45dcbcc2da3f5640a40f,2,False,1,True
152,3,1,"('Node-1',)",1,416da3ee0a5b4b778ceb70d03617ef5d,2,False,1,False
152,3,2,"('Node-2',)",2,2da82a79d8d54665963bc458730e7c6a,2,True,2,False
153,3,0,"('Node-0',)",0,0f1679f7884a45dcbcc2da3f5640a40f,2,False,1,True
153,3,1,"('Node-1',)",1,416da3ee0a5b4b778ceb70d03617ef5d,2,False,1,False
153,3,2,"('Node-2',)",2,2da82a79d8d54665963bc458730e7c6a,2,True,2,False
154,3,0,"('Node-0',)",0,0f1679f7884a45dcbcc2da3f5640a40f,2,False,1,True
154,3,1,"('Node-1',)",1,416da3ee0a5b4b778ceb70d03617ef5d,2,False,1,False
154,3,2,"('Node-2',)",2,2da82a79d8d54665963bc458730e7c6a,2,True,2,False
155,3,0,"('Node-0',)",0,0f1679f7884a45dcbcc2da3f5640a40f,2,False,1,True
155,3,1,"('Node-1',)",1,416da3ee0a5b4b778ceb70d03617ef5d,2,False,1,False
155,3,2,"('Node-2',)",2,2da82a79d8d54665963bc458730e7c6a,2,True,2,False
156,3,0,"('Node-0',)",0,0f1679f7884a45dcbcc2da3f5640a40f,2,False,1,True
156,3,1,"('Node-1',)",1,416da3ee0a5b4b778ceb70d03617ef5d,2,False,1,False
156,3,2,"('Node-2',)",2,2da82a79d8d54665963bc458730e7c6a,2,True,2,False
157,3,0,"('Node-0',)",0,0f1679f7884a45dcbcc2da3f5640a40f,2,False,1,True
157,3,1,"('Node-1',)",1,416da3ee0a5b4b778ceb70d03617ef5d,2,False,1,False
157,3,2,"('Node-2',)",2,2da82a79d8d54665963bc458730e7c6a,2,True,2,False
158,3,0,"('Node-0',)",0,0f1679f7884a45dcbcc2da3f5640a40f,2,False,1,True
158,3,1,"('Node-1',)",1,416da3ee0a5b4b778ceb70d03617ef5d,2,False,1,False
158,3,2,"('Node-2',)",2,2da82a79d8d54665963bc458730e7c6a,2,True,2,False
159,3,0,"('Node-0',)",0,0f1679f7884a45dcbcc2da3f5640a40f,2,False,1,True
159,3,1,"('Node-1',)",1,416da3ee0a5b4b778ceb70d03617ef5d,2,False,1,False
159,3,2,"('Node-2',)",2,2da82a79d8d54665963bc458730e7c6a,2,True,2,False
160,3,0,"('Node-0',)",0,0f1679f7884a45dcbcc2da3f5640a40f,2,False,1,True
160,3,1,"('Node-1',)",1,416da3ee0a5b4b778ceb70d03617ef5d,2,False,1,False
160,3,2,"('Node-2',)",2,2da82a79d8d54665963bc458730e7c6a,2,True,2,False
161,3,0,"('Node-0',)",0,0f1679f7884a45dcbcc2da3f5640a40f,2,False,1,True
161,3,1,"('Node-1',)",1,416da3ee0a5b4b778ceb70d03617ef5d,2,False,1,False
161,3,2,"('Node-2',)",2,2da82a79d8d54665963bc458730e7c6a,2,True,2,False
162,3,0,"('Node-0',)",0,0f1679f7884a45dcbcc2da3f5640a40f,2,False,1,True
162,3,1,"('Node-1',)",1,416da3ee0a5b4b778ceb70d03617ef5d,2,False,1,False
162,3,2,"('Node-2',)",2,2da82a79d8d54665963bc458730e7c6a,2,True,2,False
163,3,0,"('Node-0',)",0,0f1679f7884a45dcbcc2da3f5640a40f,2,False,1,True
163,3,1,"('Node-1',)",1,416da3ee0a5b4b778ceb70d03617ef5d,2,False,1,False
163,3,2,"('Node-2',)",2,2da82a79d8d54665963bc458730e7c6a,2,True,2,False
164,3,0,"('Node-0',)",0,0f1679f7884a45dcbcc2da3f5640a40f,2,False,1,True
164,3,1,"('Node-1',)",1,416da3ee0a5b4b778ceb70d03617ef5d,2,False,1,False
164,3,2,"('Node-2',)",2,2da82a79d8d54665963bc458730e7c6a,2,True,2,False
165,3,0,"('Node-0',)",0,0f1679f7884a45dcbcc2da3f5640a40f,2,False,1,True
165,3,1,"('Node-1',)",1,416da3ee0a5b4b778ceb70d03617ef5d,2,False,1,False
165,3,2,"('Node-2',)",2,2da82a79d8d54665963bc458730e7c6a,2,True,2,False
166,3,0,"('Node-0',)",0,0f1679f7884a45dcbcc2da3f5640a40f,2,False,1,True
166,3,1,"('Node-1',)",1,416da3ee0a5b4b778ceb70d03617ef5d,2,False,1,False
166,3,2,"('Node-2',)",2,2da82a79d8d54665963bc458730e7c6a,2,True,2,False
167,3,0,"('Node-0',)",0,0f1679f7884a45dcbcc2da3f5640a40f,2,False,1,True
167,3,1,"('Node-1',)",1,416da3ee0a5b4b778ceb70d03617ef5d,2,False,1,False
167,3,2,"('Node-2',)",2,2da82a79d8d54665963bc458730e7c6a,2,True,2,False
168,3,0,"('Node-0',)",0,0f1679f7884a45dcbcc2da3f5640a40f,2,False,1,True
168,3,1,"('Node-1',)",1,416da3ee0a5b4b778ceb70d03617ef5d,2,False,1,False
168,3,2,"('Node-2',)",2,2da82a79d8d54665963bc458730e7c6a,2,True,2,False
169,3,0,"('Node-0',)",0,0f1679f7884a45dcbcc2da3f5640a40f,2,False,1,True
169,3,1,"('Node-1',)",1,416da3ee0a5b4b778ceb70d03617ef5d,2,False,1,False
169,3,2,"('Node-2',)",2,2da82a79d8d54665963bc458730e7c6a,2,True,2,False
170,3,0,"('Node-0',)",0,0f1679f7884a45dcbcc2da3f5640a40f,2,False,1,True
170,3,1,"('Node-1',)",1,416da3ee0a5b4b778ceb70d03617ef5d,2,False,1,False
170,3,2,"('Node-2',)",2,2da82a79d8d54665963bc458730e7c6a,2,True,2,False
171,3,0,"('Node-0',)",0,0f1679f7884a45dcbcc2da3f5640a40f,2,False,1,True
171,3,1,"('Node-1',)",1,416da3ee0a5b4b778ceb70d03617ef5d,2,False,1,False
171,3,2,"('Node-2',)",2,2da82a79d8d54665963bc458730e7c6a,2,True,2,False
172,3,0,"('Node-0',)",0,0f1679f7884a45dcbcc2da3f5640a40f,2,False,1,True
172,3,1,"('Node-1',)",1,416da3ee0a5b4b778ceb70d03617ef5d,2,False,1,False
172,3,2,"('Node-2',)",2,2da82a79d8d54665963bc458730e7c6a,2,True,2,False
173,3,0,"('Node-0',)",0,0f1679f7884a45dcbcc2da3f5640a40f,2,False,1,True
173,3,1,"('Node-1',)",1,416da3ee0a5b4b778ceb70d03617ef5d,2,False,1,False
173,3,2,"('Node-2',)",2,2da82a79d8d54665963bc458730e7c6a,2,True,2,False
174,3,0,"('Node-0',)",0,0f1679f7884a45dcbcc2da3f5640a40f,2,False,1,True
174,3,1,"('Node-1',)",1,416da3ee0a5b4b778ceb70d03617ef5d,2,False,1,False
174,3,2,"('Node-2',)",2,2da82a79d8d54665963bc458730e7c6a,2,True,2,False
175,3,0,"('Node-0',)",0,0f1679f7884a45dcbcc2da3f5640a40f,2,False,1,True
175,3,1,"('Node-1',)",1,416da3ee0a5b4b778ceb70d03617ef5d,2,False,1,False
175,3,2,"('Node-2',)",2,2da82a79d8d54665963bc458730e7c6a,2,True,2,False
176,3,0,"('Node-0',)",0,0f1679f7884a45dcbcc2da3f5640a40f,2,False,1,True
176,3,1,"('Node-1',)",1,416da3ee0a5b4b778ceb70d03617ef5d,2,False,1,False
176,3,2,"('Node-2',)",2,2da82a79d8d54665963bc458730e7c6a,2,True,2,False
177,3,0,"('Node-0',)",0,0f1679f7884a45dcbcc2da3f5640a40f,2,False,1,True
177,3,1,"('Node-1',)",1,416da3ee0a5b4b778ceb70d03617ef5d,2,False,1,False
177,3,2,"('Node-2',)",2,2da82a79d8d54665963bc458730e7c6a,2,True,2,False
178,3,0,"('Node-0',)",0,0f1679f7884a45dcbcc2da3f5640a40f,2,False,1,True
178,3,1,"('Node-1',)",1,416da3ee0a5b4b778ceb70d03617ef5d,2,False,1,False
178,3,2,"('Node-2',)",2,2da82a79d8d54665963bc458730e7c6a,2,True,2,False
179,3,0,"('Node-0',)",0,0f1679f7884a45dcbcc2da3f5640a40f,2,False,1,True
179,3,1,"('Node-1',)",1,416da3ee0a5b4b778ceb70d03617ef5d,2,False,1,False
179,3,2,"('Node-2',)",2,2da82a79d8d54665963bc458730e7c6a,2,True,2,False
180,3,0,"('Node-0',)",0,0f1679f7884a45dcbcc2da3f5640a40f,2,False,1,True
180,3,1,"('Node-1',)",1,416da3ee0a5b4b778ceb70d03617ef5d,2,False,1,False
180,3,2,"('Node-2',)",2,2da82a79d8d54665963bc458730e7c6a,2,True,2,False
181,3,0,"('Node-0',)",0,0f1679f7884a45dcbcc2da3f5640a40f,2,False,1,True
181,3,1,"('Node-1',)",1,416da3ee0a5b4b778ceb70d03617ef5d,2,False,1,False
181,3,2,"('Node-2',)",2,2da82a79d8d54665963bc458730e7c6a,2,True,2,False
182,3,0,"('Node-0',)",0,0f1679f7884a45dcbcc2da3f5640a40f,2,False,1,True
182,3,1,"('Node-1',)",1,416da3ee0a5b4b778ceb70d03617ef5d,2,False,1,False
182,3,2,"('Node-2',)",2,2da82a79d8d54665963bc458730e7c6a,2,True,2,False
183,3,0,"('Node-0',)",0,0f1679f7884a45dcbcc2da3f5640a40f,2,False,1,True
183,3,1,"('Node-1',)",1,416da3ee0a5b4b778ceb70d03617ef5d,2,False,1,False
183,3,2,"('Node-2',)",2,2da82a79d8d54665963bc458730e7c6a,2,True,2,False
184,3,0,"('Node-0',)",0,0f1679f7884a45dcbcc2da3f5640a40f,2,False,1,True
184,3,1,"('Node-1',)",1,416da3ee0a5b4b778ceb70d03617ef5d,2,False,1,False
184,3,2,"('Node-2',)",2,2da82a79d8d54665963bc458730e7c6a,2,True,2,False
185,3,0,"('Node-0',)",0,0f1679f7884a45dcbcc2da3f5640a40f,2,False,1,True
185,3,1,"('Node-1',)",1,416da3ee0a5b4b778ceb70d03617ef5d,2,False,1,False
185,3,2,"('Node-2',)",2,2da82a79d8d54665963bc458730e7c6a,2,True,2,False
186,3,0,"('Node-0',)",0,0f1679f7884a45dcbcc2da3f5640a40f,2,False,1,True
186,3,1,"('Node-1',)",1,416da3ee0a5b4b778ceb70d03617ef5d,2,False,1,False
186,3,2,"('Node-2',)",2,2da82a79d8d54665963bc458730e7c6a,2,True,2,False
187,3,0,"('Node-0',)",0,0f1679f7884a45dcbcc2da3f5640a40f,2,False,1,True
187,3,1,"('Node-1',)",1,416da3ee0a5b4b778ceb70d03617ef5d,2,False,1,False
187,3,2,"('Node-2',)",2,2da82a79d8d54665963bc458730e7c6a,2,True,2,False
188,3,0,"('Node-0',)",0,0f1679f7884a45dcbcc2da3f5640a40f,2,False,1,True
188,3,1,"('Node-1',)",1,416da3ee0a5b4b778ceb70d03617ef5d,2,False,1,False
188,3,2,"('Node-2',)",2,2da82a79d8d54665963bc458730e7c6a,2,True,2,False
189,3,0,"('Node-0',)",0,0f1679f7884a45dcbcc2da3f5640a40f,2,False,1,True
189,3,1,"('Node-1',)",1,416da3ee0a5b4b778ceb70d03617ef5d,2,False,1,False
189,3,2,"('Node-2',)",2,2da82a79d8d54665963bc458730e7c6a,2,True,2,False
190,3,0,"('Node-0',)",0,0f1679f7884a45dcbcc2da3f5640a40f,2,False,1,True
190,3,1,"('Node-1',)",1,416da3ee0a5b4b778ceb70d03617ef5d,2,False,1,False
190,3,2,"('Node-2',)",2,2da82a79d8d54665963bc458730e7c6a,2,True,2,False
191,3,0,"('Node-0',)",0,0f1679f7884a45dcbcc2da3f5640a40f,2,False,1,True
191,3,1,"('Node-1',)",1,416da3ee0a5b4b778ceb70d03617ef5d,2,False,1,False
191,3,2,"('Node-2',)",2,2da82a79d8d54665963bc458730e7c6a,2,True,2,False
192,3,0,"('Node-0',)",0,0f1679f7884a45dcbcc2da3f5640a40f,2,False,1,True
192,3,1,"('Node-1',)",1,416da3ee0a5b4b778ceb70d03617ef5d,2,False,1,False
192,3,2,"('Node-2',)",2,2da82a79d8d54665963bc458730e7c6a,2,True,2,False
193,3,0,"('Node-0',)",0,0f1679f7884a45dcbcc2da3f5640a40f,2,False,1,True
193,3,1,"('Node-1',)",1,416da3ee0a5b4b778ceb70d03617ef5d,2,False,1,False
193,3,2,"('Node-2',)",2,2da82a79d8d54665963bc458730e7c6a,2,True,2,False
194,3,0,"('Node-0',)",0,0f1679f7884a45dcbcc2da3f5640a40f,2,False,1,True
194,3,1,"('Node-1',)",1,416da3ee0a5b4b778ceb70d03617ef5d,2,False,1,False
194,3,2,"('Node-2',)",2,2da82a79d8d54665963bc458730e7c6a,2,True,2,False
195,3,0,"('Node-0',)",0,0f1679f7884a45dcbcc2da3f5640a40f,2,False,1,True
195,3,1,"('Node-1',)",1,416da3ee0a5b4b778ceb70d03617ef5d,2,False,1,False
195,3,2,"('Node-2',)",2,2da82a79d8d54665963bc458730e7c6a,2,True,2,False
196,3,0,"('Node-0',)",0,0f1679f7884a45dcbcc2da3f5640a40f,2,False,1,True
196,3,1,"('Node-1',)",1,416da3ee0a5b4b778ceb70d03617ef5d,2,False,1,False
196,3,2,"('Node-2',)",2,2da82a79d8d54665963bc458730e7c6a,2,True,2,False
197,3,0,"('Node-0',)",0,0f1679f7884a45dcbcc2da3f5640a40f,2,False,1,True
197,3,1,"('Node-1',)",1,416da3ee0a5b4b778ceb70d03617ef5d,2,False,1,False
197,3,2,"('Node-2',)",2,2da82a79d8d54665963bc458730e7c6a,2,True,2,False
198,3,0,"('Node-0',)",0,0f1679f7884a45dcbcc2da3f5640a40f,2,False,1,True
198,3,1,"('Node-1',)",1,416da3ee0a5b4b778ceb70d03617ef5d,2,False,1,False
198,3,2,"('Node-2',)",2,2da82a79d8d54665963bc458730e7c6a,2,True,2,False
199,3,0,"('Node-0',)",0,0f1679f7884a45dcbcc2da3f5640a40f,2,False,1,True
199,3,1,"('Node-1',)",1,416da3ee0a5b4b778ceb70d03617ef5d,2,False,1,False
199,3,2,"('Node-2',)",2,2da82a79d8d54665963bc458730e7c6a,2,True,2,False
200,2,0,"('Node-0',)",0,0f1679f7884a45dcbcc2da3f5640a40f,2,False,1,True
200,2,1,"('Node-1',)",1,416da3ee0a5b4b778ceb70d03617ef5d,2,False,1,False
200,2,2,"('Node-2',)",2,2da82a79d8d54665963bc458730e7c6a,2,True,2,False
201,2,0,"('Node-0',)",0,0f1679f7884a45dcbcc2da3f5640a40f,2,False,1,True
201,2,1,"('Node-1',)",1,416da3ee0a5b4b778ceb70d03617ef5d,2,False,1,False
201,2,2,"('Node-2',)",2,2da82a79d8d54665963bc458730e7c6a,2,True,2,False
202,2,0,"('Node-0',)",0,0f1679f7884a45dcbcc2da3f5640a40f,2,False,1,True
202,2,1,"('Node-1',)",1,416da3ee0a5b4b778ceb70d03617ef5d,2,False,1,False
202,2,2,"('Node-2',)",2,2da82a79d8d54665963bc458730e7c6a,2,True,2,False
203,2,0,"('Node-0',)",0,0f1679f7884a45dcbcc2da3f5640a40f,2,False,1,True
203,2,1,"('Node-1',)",1,416da3ee0a5b4b778ceb70d03617ef5d,2,False,1,False
203,2,2,"('Node-2',)",2,2da82a79d8d54665963bc458730e7c6a,2,True,2,False
204,2,0,"('Node-0',)",0,0f1679f7884a45dcbcc2da3f5640a40f,2,False,1,True
204,2,1,"('Node-1',)",1,416da3ee0a5b4b778ceb70d03617ef5d,2,False,1,False
204,2,2,"('Node-2',)",2,2da82a79d8d54665963bc458730e7c6a,2,True,2,False
205,2,0,"('Node-0',)",0,0f1679f7884a45dcbcc2da3f5640a40f,2,False,1,True
205,2,1,"('Node-1',)",1,416da3ee0a5b4b778ceb70d03617ef5d,2,False,1,False
205,2,2,"('Node-2',)",2,2da82a79d8d54665963bc458730e7c6a,2,True,2,False
206,2,0,"('Node-0',)",0,0f1679f7884a45dcbcc2da3f5640a40f,2,False,1,True
206,2,1,"('Node-1',)",1,416da3ee0a5b4b778ceb70d03617ef5d,2,False,1,False
206,2,2,"('Node-2',)",2,2da82a79d8d54665963bc458730e7c6a,2,True,2,False
207,2,0,"('Node-0',)",0,0f1679f7884a45dcbcc2da3f5640a40f,2,False,1,True
207,2,1,"('Node-1',)",1,416da3ee0a5b4b778ceb70d03617ef5d,2,False,1,False
207,2,2,"('Node-2',)",2,2da82a79d8d54665963bc458730e7c6a,2,True,2,False
208,2,0,"('Node-0',)",0,0f1679f7884a45dcbcc2da3f5640a40f,2,False,1,True
208,2,1,"('Node-1',)",1,416da3ee0a5b4b778ceb70d03617ef5d,2,False,1,False
208,2,2,"('Node-2',)",2,2da82a79d8d54665963bc458730e7c6a,2,True,2,False
209,2,0,"('Node-0',)",0,0f1679f7884a45dcbcc2da3f5640a40f,2,False,1,True
209,2,1,"('Node-1',)",1,416da3ee0a5b4b778ceb70d03617ef5d,2,False,1,False
209,2,2,"('Node-2',)",2,2da82a79d8d54665963bc458730e7c6a,2,True,2,False
210,2,0,"('Node-0',)",0,0f1679f7884a45dcbcc2da3f5640a40f,2,False,1,True
210,2,1,"('Node-1',)",1,416da3ee0a5b4b778ceb70d03617ef5d,2,False,1,False
210,2,2,"('Node-2',)",2,2da82a79d8d54665963bc458730e7c6a,2,True,2,False
211,2,0,"('Node-0',)",0,0f1679f7884a45dcbcc2da3f5640a40f,2,False,1,True
211,2,1,"('Node-1',)",1,416da3ee0a5b4b778ceb70d03617ef5d,2,False,1,False
211,2,2,"('Node-2',)",2,2da82a79d8d54665963bc458730e7c6a,2,True,2,False
212,2,0,"('Node-0',)",0,0f1679f7884a45dcbcc2da3f5640a40f,2,False,1,True
212,2,1,"('Node-1',)",1,416da3ee0a5b4b778ceb70d03617ef5d,2,False,1,False
212,2,2,"('Node-2',)",2,2da82a79d8d54665963bc458730e7c6a,2,True,2,False
213,2,0,"('Node-0',)",0,0f1679f7884a45dcbcc2da3f5640a40f,2,False,1,True
213,2,1,"('Node-1',)",1,416da3ee0a5b4b778ceb70d03617ef5d,2,False,1,False
213,2,2,"('Node-2',)",2,2da82a79d8d54665963bc458730e7c6a,2,True,2,False
214,2,0,"('Node-0',)",0,0f1679f7884a45dcbcc2da3f5640a40f,2,False,1,True
214,2,1,"('Node-1',)",1,416da3ee0a5b4b778ceb70d03617ef5d,2,False,1,False
214,2,2,"('Node-2',)",2,2da82a79d8d54665963bc458730e7c6a,2,True,2,False
215,2,0,"('Node-0',)",0,0f1679f7884a45dcbcc2da3f5640a40f,2,False,1,True
215,2,1,"('Node-1',)",1,416da3ee0a5b4b778ceb70d03617ef5d,2,False,1,False
215,2,2,"('Node-2',)",2,2da82a79d8d54665963bc458730e7c6a,2,True,2,False
216,2,0,"('Node-0',)",0,0f1679f7884a45dcbcc2da3f5640a40f,2,False,1,True
216,2,1,"('Node-1',)",1,416da3ee0a5b4b778ceb70d03617ef5d,2,False,1,False
216,2,2,"('Node-2',)",2,2da82a79d8d54665963bc458730e7c6a,2,True,2,False
217,2,0,"('Node-0',)",0,0f1679f7884a45dcbcc2da3f5640a40f,2,False,1,True
217,2,1,"('Node-1',)",1,416da3ee0a5b4b778ceb70d03617ef5d,2,False,1,False
217,2,2,"('Node-2',)",2,2da82a79d8d54665963bc458730e7c6a,2,True,2,False
218,2,0,"('Node-0',)",0,0f1679f7884a45dcbcc2da3f5640a40f,2,False,1,True
218,2,1,"('Node-1',)",1,416da3ee0a5b4b778ceb70d03617ef5d,2,False,1,False
218,2,2,"('Node-2',)",2,2da82a79d8d54665963bc458730e7c6a,2,True,2,False
219,2,0,"('Node-0',)",0,0f1679f7884a45dcbcc2da3f5640a40f,2,False,1,True
219,2,1,"('Node-1',)",1,416da3ee0a5b4b778ceb70d03617ef5d,2,False,1,False
219,2,2,"('Node-2',)",2,2da82a79d8d54665963bc458730e7c6a,2,True,2,False
220,2,0,"('Node-0',)",0,0f1679f7884a45dcbcc2da3f5640a40f,2,False,1,True
220,2,1,"('Node-1',)",1,416da3ee0a5b4b778ceb70d03617ef5d,2,False,1,False
220,2,2,"('Node-2',)",2,2da82a79d8d54665963bc458730e7c6a,2,True,2,False
221,2,0,"('Node-0',)",0,0f1679f7884a45dcbcc2da3f5640a40f,2,False,1,True
221,2,1,"('Node-1',)",1,416da3ee0a5b4b778ceb70d03617ef5d,2,False,1,False
221,2,2,"('Node-2',)",2,2da82a79d8d54665963bc458730e7c6a,2,True,2,False
222,2,0,"('Node-0',)",0,0f1679f7884a45dcbcc2da3f5640a40f,2,False,1,True
222,2,1,"('Node-1',)",1,416da3ee0a5b4b778ceb70d03617ef5d,2,False,1,False
222,2,2,"('Node-2',)",2,2da82a79d8d54665963bc458730e7c6a,2,True,2,False
223,2,0,"('Node-0',)",0,0f1679f7884a45dcbcc2da3f5640a40f,2,False,1,True
223,2,1,"('Node-1',)",1,416da3ee0a5b4b778ceb70d03617ef5d,2,False,1,False
223,2,2,"('Node-2',)",2,2da82a79d8d54665963bc458730e7c6a,2,True,2,False
224,2,0,"('Node-0',)",0,0f1679f7884a45dcbcc2da3f5640a40f,2,False,1,True
224,2,1,"('Node-1',)",1,416da3ee0a5b4b778ceb70d03617ef5d,2,False,1,False
224,2,2,"('Node-2',)",2,2da82a79d8d54665963bc458730e7c6a,2,True,2,False
225,2,0,"('Node-0',)",0,0f1679f7884a45dcbcc2da3f5640a40f,2,False,1,True
225,2,1,"('Node-1',)",1,416da3ee0a5b4b778ceb70d03617ef5d,2,False,1,False
225,2,2,"('Node-2',)",2,2da82a79d8d54665963bc458730e7c6a,2,True,2,False
226,2,0,"('Node-0',)",0,0f1679f7884a45dcbcc2da3f5640a40f,2,False,1,True
226,2,1,"('Node-1',)",1,416da3ee0a5b4b778ceb70d03617ef5d,2,False,1,False
226,2,2,"('Node-2',)",2,2da82a79d8d54665963bc458730e7c6a,2,True,2,False
227,2,0,"('Node-0',)",0,0f1679f7884a45dcbcc2da3f5640a40f,2,False,1,True
227,2,1,"('Node-1',)",1,416da3ee0a5b4b778ceb70d03617ef5d,2,False,1,False
227,2,2,"('Node-2',)",2,2da82a79d8d54665963bc458730e7c6a,2,True,2,False
228,2,0,"('Node-0',)",0,0f1679f7884a45dcbcc2da3f5640a40f,2,False,1,True
228,2,1,"('Node-1',)",1,416da3ee0a5b4b778ceb70d03617ef5d,2,False,1,False
228,2,2,"('Node-2',)",2,2da82a79d8d54665963bc458730e7c6a,2,True,2,False
229,2,0,"('Node-0',)",0,0f1679f7884a45dcbcc2da3f5640a40f,2,False,1,True
229,2,1,"('Node-1',)",1,416da3ee0a5b4b778ceb70d03617ef5d,2,False,1,False
229,2,2,"('Node-2',)",2,2da82a79d8d54665963bc458730e7c6a,2,True,2,False
230,2,0,"('Node-0',)",0,0f1679f7884a45dcbcc2da3f5640a40f,2,False,1,True
230,2,1,"('Node-1',)",1,416da3ee0a5b4b778ceb70d03617ef5d,2,False,1,False
230,2,2,"('Node-2',)",2,2da82a79d8d54665963bc458730e7c6a,2,True,2,False
231,2,0,"('Node-0',)",0,0f1679f7884a45dcbcc2da3f5640a40f,2,False,1,True
231,2,1,"('Node-1',)",1,416da3ee0a5b4b778ceb70d03617ef5d,2,False,1,False
231,2,2,"('Node-2',)",2,2da82a79d8d54665963bc458730e7c6a,2,True,2,False
232,2,0,"('Node-0',)",0,0f1679f7884a45dcbcc2da3f5640a40f,2,False,1,True
232,2,1,"('Node-1',)",1,416da3ee0a5b4b778ceb70d03617ef5d,2,False,1,False
232,2,2,"('Node-2',)",2,2da82a79d8d54665963bc458730e7c6a,2,True,2,False
233,2,0,"('Node-0',)",0,0f1679f7884a45dcbcc2da3f5640a40f,2,False,1,True
233,2,1,"('Node-1',)",1,416da3ee0a5b4b778ceb70d03617ef5d,2,False,1,False
233,2,2,"('Node-2',)",2,2da82a79d8d54665963bc458730e7c6a,2,True,2,False
234,2,0,"('Node-0',)",0,0f1679f7884a45dcbcc2da3f5640a40f,2,False,1,True
234,2,1,"('Node-1',)",1,416da3ee0a5b4b778ceb70d03617ef5d,2,False,1,False
234,2,2,"('Node-2',)",2,2da82a79d8d54665963bc458730e7c6a,2,True,2,False
235,2,0,"('Node-0',)",0,0f1679f7884a45dcbcc2da3f5640a40f,2,False,1,True
235,2,1,"('Node-1',)",1,416da3ee0a5b4b778ceb70d03617ef5d,2,False,1,False
235,2,2,"('Node-2',)",2,2da82a79d8d54665963bc458730e7c6a,2,True,2,False
236,2,0,"('Node-0',)",0,0f1679f7884a45dcbcc2da3f5640a40f,2,False,1,True
236,2,1,"('Node-1',)",1,416da3ee0a5b4b778ceb70d03617ef5d,2,False,1,False
236,2,2,"('Node-2',)",2,2da82a79d8d54665963bc458730e7c6a,2,True,2,False
237,2,0,"('Node-0',)",0,0f1679f7884a45dcbcc2da3f5640a40f,2,False,1,True
237,2,1,"('Node-1',)",1,416da3ee0a5b4b778ceb70d03617ef5d,2,False,1,False
237,2,2,"('Node-2',)",2,2da82a79d8d54665963bc458730e7c6a,2,True,2,False
238,2,0,"('Node-0',)",0,0f1679f7884a45dcbcc2da3f5640a40f,2,False,1,True
238,2,1,"('Node-1',)",1,416da3ee0a5b4b778ceb70d03617ef5d,2,False,1,False
238,2,2,"('Node-2',)",2,2da82a79d8d54665963bc458730e7c6a,2,True,2,False
239,2,0,"('Node-0',)",0,0f1679f7884a45dcbcc2da3f5640a40f,2,False,1,True
239,2,1,"('Node-1',)",1,416da3ee0a5b4b778ceb70d03617ef5d,2,False,1,False
239,2,2,"('Node-2',)",2,2da82a79d8d54665963bc458730e7c6a,2,True,2,False
240,2,0,"('Node-0',)",0,0f1679f7884a45dcbcc2da3f5640a40f,2,False,1,True
240,2,1,"('Node-1',)",1,416da3ee0a5b4b778ceb70d03617ef5d,2,False,1,False
240,2,2,"('Node-2',)",2,2da82a79d8d54665963bc458730e7c6a,2,True,2,False
241,2,0,"('Node-0',)",0,0f1679f7884a45dcbcc2da3f5640a40f,2,False,1,True
241,2,1,"('Node-1',)",1,416da3ee0a5b4b778ceb70d03617ef5d,2,False,1,False
241,2,2,"('Node-2',)",2,2da82a79d8d54665963bc458730e7c6a,2,True,2,False
242,2,0,"('Node-0',)",0,0f1679f7884a45dcbcc2da3f5640a40f,2,False,1,True
242,2,1,"('Node-1',)",1,416da3ee0a5b4b778ceb70d03617ef5d,2,False,1,False
242,2,2,"('Node-2',)",2,2da82a79d8d54665963bc458730e7c6a,2,True,2,False
243,2,0,"('Node-0',)",0,0f1679f7884a45dcbcc2da3f5640a40f,2,False,1,True
243,2,1,"('Node-1',)",1,416da3ee0a5b4b778ceb70d03617ef5d,2,False,1,False
243,2,2,"('Node-2',)",2,2da82a79d8d54665963bc458730e7c6a,2,True,2,False
244,2,0,"('Node-0',)",0,0f1679f7884a45dcbcc2da3f5640a40f,2,False,1,True
244,2,1,"('Node-1',)",1,416da3ee0a5b4b778ceb70d03617ef5d,2,False,1,False
244,2,2,"('Node-2',)",2,2da82a79d8d54665963bc458730e7c6a,2,True,2,False
245,2,0,"('Node-0',)",0,0f1679f7884a45dcbcc2da3f5640a40f,2,False,1,True
245,2,1,"('Node-1',)",1,416da3ee0a5b4b778ceb70d03617ef5d,2,False,1,False
245,2,2,"('Node-2',)",2,2da82a79d8d54665963bc458730e7c6a,2,True,2,False
246,2,0,"('Node-0',)",0,0f1679f7884a45dcbcc2da3f5640a40f,2,False,1,True
246,2,1,"('Node-1',)",1,416da3ee0a5b4b778ceb70d03617ef5d,2,False,1,False
246,2,2,"('Node-2',)",2,2da82a79d8d54665963bc458730e7c6a,2,True,2,False
247,2,0,"('Node-0',)",0,0f1679f7884a45dcbcc2da3f5640a40f,2,False,1,True
247,2,1,"('Node-1',)",1,416da3ee0a5b4b778ceb70d03617ef5d,2,False,1,False
247,2,2,"('Node-2',)",2,2da82a79d8d54665963bc458730e7c6a,2,True,2,False
248,2,0,"('Node-0',)",0,0f1679f7884a45dcbcc2da3f5640a40f,2,False,1,True
248,2,1,"('Node-1',)",1,416da3ee0a5b4b778ceb70d03617ef5d,2,False,1,False
248,2,2,"('Node-2',)",2,2da82a79d8d54665963bc458730e7c6a,2,True,2,False
249,2,0,"('Node-0',)",0,0f1679f7884a45dcbcc2da3f5640a40f,2,False,1,True
249,2,1,"('Node-1',)",1,416da3ee0a5b4b778ceb70d03617ef5d,2,False,1,False
249,2,2,"('Node-2',)",2,2da82a79d8d54665963bc458730e7c6a,2,True,2,False
250,2,0,"('Node-0',)",0,0f1679f7884a45dcbcc2da3f5640a40f,2,False,1,True
250,2,1,"('Node-1',)",1,416da3ee0a5b4b778ceb70d03617ef5d,2,False,1,False
250,2,2,"('Node-2',)",2,2da82a79d8d54665963bc458730e7c6a,2,True,2,False
251,2,0,"('Node-0',)",0,0f1679f7884a45dcbcc2da3f5640a40f,2,False,1,True
251,2,1,"('Node-1',)",1,416da3ee0a5b4b778ceb70d03617ef5d,2,False,1,False
251,2,2,"('Node-2',)",2,2da82a79d8d54665963bc458730e7c6a,2,True,2,False
252,2,0,"('Node-0',)",0,0f1679f7884a45dcbcc2da3f5640a40f,2,False,1,True
252,2,1,"('Node-1',)",1,416da3ee0a5b4b778ceb70d03617ef5d,2,False,1,False
252,2,2,"('Node-2',)",2,2da82a79d8d54665963bc458730e7c6a,2,True,2,False
253,2,0,"('Node-0',)",0,0f1679f7884a45dcbcc2da3f5640a40f,2,False,1,True
253,2,1,"('Node-1',)",1,416da3ee0a5b4b778ceb70d03617ef5d,2,False,1,False
253,2,2,"('Node-2',)",2,2da82a79d8d54665963bc458730e7c6a,2,True,2,False
254,2,0,"('Node-0',)",0,0f1679f7884a45dcbcc2da3f5640a40f,2,False,1,True
254,2,1,"('Node-1',)",1,416da3ee0a5b4b778ceb70d03617ef5d,2,False,1,False
254,2,2,"('Node-2',)",2,2da82a79d8d54665963bc458730e7c6a,2,True,2,False
255,2,0,"('Node-0',)",0,0f1679f7884a45dcbcc2da3f5640a40f,2,False,1,True
255,2,1,"('Node-1',)",1,416da3ee0a5b4b778ceb70d03617ef5d,2,False,1,False
255,2,2,"('Node-2',)",2,2da82a79d8d54665963bc458730e7c6a,2,True,2,False
256,2,0,"('Node-0',)",0,0f1679f7884a45dcbcc2da3f5640a40f,2,False,1,True
256,2,1,"('Node-1',)",1,416da3ee0a5b4b778ceb70d03617ef5d,2,False,1,False
256,2,2,"('Node-2',)",2,2da82a79d8d54665963bc458730e7c6a,2,True,2,False
257,2,0,"('Node-0',)",0,0f1679f7884a45dcbcc2da3f5640a40f,2,False,1,True
257,2,1,"('Node-1',)",1,416da3ee0a5b4b778ceb70d03617ef5d,2,False,1,False
257,2,2,"('Node-2',)",2,2da82a79d8d54665963bc458730e7c6a,2,True,2,False
258,2,0,"('Node-0',)",0,0f1679f7884a45dcbcc2da3f5640a40f,2,False,1,True
258,2,1,"('Node-1',)",1,416da3ee0a5b4b778ceb70d03617ef5d,2,False,1,False
258,2,2,"('Node-2',)",2,2da82a79d8d54665963bc458730e7c6a,2,True,2,False
259,2,0,"('Node-0',)",0,0f1679f7884a45dcbcc2da3f5640a40f,2,False,1,True
259,2,1,"('Node-1',)",1,416da3ee0a5b4b778ceb70d03617ef5d,2,False,1,False
259,2,2,"('Node-2',)",2,2da82a79d8d54665963bc458730e7c6a,2,True,2,False
260,2,0,"('Node-0',)",0,0f1679f7884a45dcbcc2da3f5640a40f,2,False,1,True
260,2,1,"('Node-1',)",1,416da3ee0a5b4b778ceb70d03617ef5d,2,False,1,False
260,2,2,"('Node-2',)",2,2da82a79d8d54665963bc458730e7c6a,2,True,2,False
261,2,0,"('Node-0',)",0,0f1679f7884a45dcbcc2da3f5640a40f,2,False,1,True
261,2,1,"('Node-1',)",1,416da3ee0a5b4b778ceb70d03617ef5d,2,False,1,False
261,2,2,"('Node-2',)",2,2da82a79d8d54665963bc458730e7c6a,2,True,2,False
262,2,0,"('Node-0',)",0,0f1679f7884a45dcbcc2da3f5640a40f,2,False,1,True
262,2,1,"('Node-1',)",1,416da3ee0a5b4b778ceb70d03617ef5d,2,False,1,False
262,2,2,"('Node-2',)",2,2da82a79d8d54665963bc458730e7c6a,2,True,2,False
263,2,0,"('Node-0',)",0,0f1679f7884a45dcbcc2da3f5640a40f,2,False,1,True
263,2,1,"('Node-1',)",1,416da3ee0a5b4b778ceb70d03617ef5d,2,False,1,False
263,2,2,"('Node-2',)",2,2da82a79d8d54665963bc458730e7c6a,2,True,2,False
264,2,0,"('Node-0',)",0,0f1679f7884a45dcbcc2da3f5640a40f,2,False,1,True
264,2,1,"('Node-1',)",1,416da3ee0a5b4b778ceb70d03617ef5d,2,False,1,False
264,2,2,"('Node-2',)",2,2da82a79d8d54665963bc458730e7c6a,2,True,2,False
265,2,0,"('Node-0',)",0,0f1679f7884a45dcbcc2da3f5640a40f,2,False,1,True
265,2,1,"('Node-1',)",1,416da3ee0a5b4b778ceb70d03617ef5d,2,False,1,False
265,2,2,"('Node-2',)",2,2da82a79d8d54665963bc458730e7c6a,2,True,2,False
266,2,0,"('Node-0',)",0,0f1679f7884a45dcbcc2da3f5640a40f,2,False,1,True
266,2,1,"('Node-1',)",1,416da3ee0a5b4b778ceb70d03617ef5d,2,False,1,False
266,2,2,"('Node-2',)",2,2da82a79d8d54665963bc458730e7c6a,2,True,2,False
267,2,0,"('Node-0',)",0,0f1679f7884a45dcbcc2da3f5640a40f,2,False,1,True
267,2,1,"('Node-1',)",1,416da3ee0a5b4b778ceb70d03617ef5d,2,False,1,False
267,2,2,"('Node-2',)",2,2da82a79d8d54665963bc458730e7c6a,2,True,2,False
268,2,0,"('Node-0',)",0,0f1679f7884a45dcbcc2da3f5640a40f,2,False,1,True
268,2,1,"('Node-1',)",1,416da3ee0a5b4b778ceb70d03617ef5d,2,False,1,False
268,2,2,"('Node-2',)",2,2da82a79d8d54665963bc458730e7c6a,2,True,2,False
269,2,0,"('Node-0',)",0,0f1679f7884a45dcbcc2da3f5640a40f,2,False,1,True
269,2,1,"('Node-1',)",1,416da3ee0a5b4b778ceb70d03617ef5d,2,False,1,False
269,2,2,"('Node-2',)",2,2da82a79d8d54665963bc458730e7c6a,2,True,2,False
270,2,0,"('Node-0',)",0,0f1679f7884a45dcbcc2da3f5640a40f,2,False,1,True
270,2,1,"('Node-1',)",1,416da3ee0a5b4b778ceb70d03617ef5d,2,False,1,False
270,2,2,"('Node-2',)",2,2da82a79d8d54665963bc458730e7c6a,2,True,2,False
271,2,0,"('Node-0',)",0,0f1679f7884a45dcbcc2da3f5640a40f,2,False,1,True
271,2,1,"('Node-1',)",1,416da3ee0a5b4b778ceb70d03617ef5d,2,False,1,False
271,2,2,"('Node-2',)",2,2da82a79d8d54665963bc458730e7c6a,2,True,2,False
272,2,0,"('Node-0',)",0,0f1679f7884a45dcbcc2da3f5640a40f,2,False,1,True
272,2,1,"('Node-1',)",1,416da3ee0a5b4b778ceb70d03617ef5d,2,False,1,False
272,2,2,"('Node-2',)",2,2da82a79d8d54665963bc458730e7c6a,2,True,2,False
273,2,0,"('Node-0',)",0,0f1679f7884a45dcbcc2da3f5640a40f,2,False,1,True
273,2,1,"('Node-1',)",1,416da3ee0a5b4b778ceb70d03617ef5d,2,False,1,False
273,2,2,"('Node-2',)",2,2da82a79d8d54665963bc458730e7c6a,2,True,2,False
274,2,0,"('Node-0',)",0,0f1679f7884a45dcbcc2da3f5640a40f,2,False,1,True
274,2,1,"('Node-1',)",1,416da3ee0a5b4b778ceb70d03617ef5d,2,False,1,False
274,2,2,"('Node-2',)",2,2da82a79d8d54665963bc458730e7c6a,2,True,2,False
275,2,0,"('Node-0',)",0,0f1679f7884a45dcbcc2da3f5640a40f,2,False,1,True
275,2,1,"('Node-1',)",1,416da3ee0a5b4b778ceb70d03617ef5d,2,False,1,False
275,2,2,"('Node-2',)",2,2da82a79d8d54665963bc458730e7c6a,2,True,2,False
276,2,0,"('Node-0',)",0,0f1679f7884a45dcbcc2da3f5640a40f,2,False,1,True
276,2,1,"('Node-1',)",1,416da3ee0a5b4b778ceb70d03617ef5d,2,False,1,False
276,2,2,"('Node-2',)",2,2da82a79d8d54665963bc458730e7c6a,2,True,2,False
277,2,0,"('Node-0',)",0,0f1679f7884a45dcbcc2da3f5640a40f,2,False,1,True
277,2,1,"('Node-1',)",1,416da3ee0a5b4b778ceb70d03617ef5d,2,False,1,False
277,2,2,"('Node-2',)",2,2da82a79d8d54665963bc458730e7c6a,2,True,2,False
278,2,0,"('Node-0',)",0,0f1679f7884a45dcbcc2da3f5640a40f,2,False,1,True
278,2,1,"('Node-1',)",1,416da3ee0a5b4b778ceb70d03617ef5d,2,False,1,False
278,2,2,"('Node-2',)",2,2da82a79d8d54665963bc458730e7c6a,2,True,2,False
279,2,0,"('Node-0',)",0,0f1679f7884a45dcbcc2da3f5640a40f,2,False,1,True
279,2,1,"('Node-1',)",1,416da3ee0a5b4b778ceb70d03617ef5d,2,False,1,False
279,2,2,"('Node-2',)",2,2da82a79d8d54665963bc458730e7c6a,2,True,2,False
280,2,0,"('Node-0',)",0,0f1679f7884a45dcbcc2da3f5640a40f,2,False,1,True
280,2,1,"('Node-1',)",1,416da3ee0a5b4b778ceb70d03617ef5d,2,False,1,False
280,2,2,"('Node-2',)",2,2da82a79d8d54665963bc458730e7c6a,2,True,2,False
281,2,0,"('Node-0',)",0,0f1679f7884a45dcbcc2da3f5640a40f,2,False,1,True
281,2,1,"('Node-1',)",1,416da3ee0a5b4b778ceb70d03617ef5d,2,False,1,False
281,2,2,"('Node-2',)",2,2da82a79d8d54665963bc458730e7c6a,2,True,2,False
282,2,0,"('Node-0',)",0,0f1679f7884a45dcbcc2da3f5640a40f,2,False,1,True
282,2,1,"('Node-1',)",1,416da3ee0a5b4b778ceb70d03617ef5d,2,False,1,False
282,2,2,"('Node-2',)",2,2da82a79d8d54665963bc458730e7c6a,2,True,2,False
283,2,0,"('Node-0',)",0,0f1679f7884a45dcbcc2da3f5640a40f,2,False,1,True
283,2,1,"('Node-1',)",1,416da3ee0a5b4b778ceb70d03617ef5d,2,False,1,False
283,2,2,"('Node-2',)",2,2da82a79d8d54665963bc458730e7c6a,2,True,2,False
284,2,0,"('Node-0',)",0,0f1679f7884a45dcbcc2da3f5640a40f,2,False,1,True
284,2,1,"('Node-1',)",1,416da3ee0a5b4b778ceb70d03617ef5d,2,False,1,False
284,2,2,"('Node-2',)",2,2da82a79d8d54665963bc458730e7c6a,2,True,2,False
285,2,0,"('Node-0',)",0,0f1679f7884a45dcbcc2da3f5640a40f,2,False,1,True
285,2,1,"('Node-1',)",1,416da3ee0a5b4b778ceb70d03617ef5d,2,False,1,False
285,2,2,"('Node-2',)",2,2da82a79d8d54665963bc458730e7c6a,2,True,2,False
286,2,0,"('Node-0',)",0,0f1679f7884a45dcbcc2da3f5640a40f,2,False,1,True
286,2,1,"('Node-1',)",1,416da3ee0a5b4b778ceb70d03617ef5d,2,False,1,False
286,2,2,"('Node-2',)",2,2da82a79d8d54665963bc458730e7c6a,2,True,2,False
287,2,0,"('Node-0',)",0,0f1679f7884a45dcbcc2da3f5640a40f,2,False,1,True
287,2,1,"('Node-1',)",1,416da3ee0a5b4b778ceb70d03617ef5d,2,False,1,False
287,2,2,"('Node-2',)",2,2da82a79d8d54665963bc458730e7c6a,2,True,2,False
288,2,0,"('Node-0',)",0,0f1679f7884a45dcbcc2da3f5640a40f,2,False,1,True
288,2,1,"('Node-1',)",1,416da3ee0a5b4b778ceb70d03617ef5d,2,False,1,False
288,2,2,"('Node-2',)",2,2da82a79d8d54665963bc458730e7c6a,2,True,2,False
289,2,0,"('Node-0',)",0,0f1679f7884a45dcbcc2da3f5640a40f,2,False,1,True
289,2,1,"('Node-1',)",1,416da3ee0a5b4b778ceb70d03617ef5d,2,False,1,False
289,2,2,"('Node-2',)",2,2da82a79d8d54665963bc458730e7c6a,2,True,2,False
290,2,0,"('Node-0',)",0,0f1679f7884a45dcbcc2da3f5640a40f,2,False,1,True
290,2,1,"('Node-1',)",1,416da3ee0a5b4b778ceb70d03617ef5d,2,False,1,False
290,2,2,"('Node-2',)",2,2da82a79d8d54665963bc458730e7c6a,2,True,2,False
291,2,0,"('Node-0',)",0,0f1679f7884a45dcbcc2da3f5640a40f,2,False,1,True
291,2,1,"('Node-1',)",1,416da3ee0a5b4b778ceb70d03617ef5d,2,False,1,False
291,2,2,"('Node-2',)",2,2da82a79d8d54665963bc458730e7c6a,2,True,2,False
292,2,0,"('Node-0',)",0,0f1679f7884a45dcbcc2da3f5640a40f,2,False,1,True
292,2,1,"('Node-1',)",1,416da3ee0a5b4b778ceb70d03617ef5d,2,False,1,False
292,2,2,"('Node-2',)",2,2da82a79d8d54665963bc458730e7c6a,2,True,2,False
293,2,0,"('Node-0',)",0,0f1679f7884a45dcbcc2da3f5640a40f,2,False,1,True
293,2,1,"('Node-1',)",1,416da3ee0a5b4b778ceb70d03617ef5d,2,False,1,False
293,2,2,"('Node-2',)",2,2da82a79d8d54665963bc458730e7c6a,2,True,2,False
294,2,0,"('Node-0',)",0,0f1679f7884a45dcbcc2da3f5640a40f,2,False,1,True
294,2,1,"('Node-1',)",1,416da3ee0a5b4b778ceb70d03617ef5d,2,False,1,False
294,2,2,"('Node-2',)",2,2da82a79d8d54665963bc458730e7c6a,2,True,2,False
295,2,0,"('Node-0',)",0,0f1679f7884a45dcbcc2da3f5640a40f,2,False,1,True
295,2,1,"('Node-1',)",1,416da3ee0a5b4b778ceb70d03617ef5d,2,False,1,False
295,2,2,"('Node-2',)",2,2da82a79d8d54665963bc458730e7c6a,2,True,2,False
296,2,0,"('Node-0',)",0,0f1679f7884a45dcbcc2da3f5640a40f,2,False,1,True
296,2,1,"('Node-1',)",1,416da3ee0a5b4b778ceb70d03617ef5d,2,False,1,False
296,2,2,"('Node-2',)",2,2da82a79d8d54665963bc458730e7c6a,2,True,2,False
297,2,0,"('Node-0',)",0,0f1679f7884a45dcbcc2da3f5640a40f,2,False,1,True
297,2,1,"('Node-1',)",1,416da3ee0a5b4b778ceb70d03617ef5d,2,False,1,False
297,2,2,"('Node-2',)",2,2da82a79d8d54665963bc458730e7c6a,2,True,2,False
298,2,0,"('Node-0',)",0,0f1679f7884a45dcbcc2da3f5640a40f,2,False,1,True
298,2,1,"('Node-1',)",1,416da3ee0a5b4b778ceb70d03617ef5d,2,False,1,False
298,2,2,"('Node-2',)",2,2da82a79d8d54665963bc458730e7c6a,2,True,2,False
299,2,0,"('Node-0',)",0,0f1679f7884a45dcbcc2da3f5640a40f,2,False,1,True
299,2,1,"('Node-1',)",1,416da3ee0a5b4b778ceb70d03617ef5d,2,False,1,False
299,2,2,"('Node-2',)",2,2da82a79d8d54665963bc458730e7c6a,2,True,2,False
300,1,0,"('Node-0',)",0,0f1679f7884a45dcbcc2da3f5640a40f,2,False,1,True
300,1,1,"('Node-1',)",1,416da3ee0a5b4b778ceb70d03617ef5d,2,False,1,False
300,1,2,"('Node-2',)",2,2da82a79d8d54665963bc458730e7c6a,2,True,2,False
